id,firstname,lastname,email,email2,profession
100,Shandie,Hailee,Shandie.Hailee@yopmail.com,Shandie.Hailee@gmail.com,doctor
101,Isa,Rocray,Isa.Rocray@yopmail.com,Isa.Rocray@gmail.com,police officer
102,Celisse,Helve,Celisse.Helve@yopmail.com,Celisse.Helve@gmail.com,doctor
103,Kamilah,Durante,Kamilah.Durante@yopmail.com,Kamilah.Durante@gmail.com,developer
104,Renae,Delila,Renae.Delila@yopmail.com,Renae.Delila@gmail.com,worker
105,Alyssa,Kristi,Alyssa.Kristi@yopmail.com,Alyssa.Kristi@gmail.com,firefighter
106,Alyda,Drus,Alyda.Drus@yopmail.com,Alyda.Drus@gmail.com,developer
107,Alexine,Friede,Alexine.Friede@yopmail.com,Alexine.Friede@gmail.com,firefighter
108,Perry,Sprage,Perry.Sprage@yopmail.com,Perry.Sprage@gmail.com,developer
109,Arlena,Edmund,Arlena.Edmund@yopmail.com,Arlena.Edmund@gmail.com,worker
110,Hettie,Trey,Hettie.Trey@yopmail.com,Hettie.Trey@gmail.com,doctor
111,Esmeralda,Ventre,Esmeralda.Ventre@yopmail.com,Esmeralda.Ventre@gmail.com,doctor
112,Paule,Dalli,Paule.Dalli@yopmail.com,Paule.Dalli@gmail.com,worker
113,Layla,Salchunas,Layla.Salchunas@yopmail.com,Layla.Salchunas@gmail.com,police officer
114,Etta,Concha,Etta.Concha@yopmail.com,Etta.Concha@gmail.com,doctor
115,Sharai,Rossner,Sharai.Rossner@yopmail.com,Sharai.Rossner@gmail.com,doctor
116,Cristabel,Kermit,Cristabel.Kermit@yopmail.com,Cristabel.Kermit@gmail.com,doctor
117,Caressa,Raychel,Caressa.Raychel@yopmail.com,Caressa.Raychel@gmail.com,worker
118,Correy,Faso,Correy.Faso@yopmail.com,Correy.Faso@gmail.com,worker
119,Sallie,Fillbert,Sallie.Fillbert@yopmail.com,Sallie.Fillbert@gmail.com,worker
120,Cherrita,Shaver,Cherrita.Shaver@yopmail.com,Cherrita.Shaver@gmail.com,worker
121,Larine,Larochelle,Larine.Larochelle@yopmail.com,Larine.Larochelle@gmail.com,worker
122,Liana,Torray,Liana.Torray@yopmail.com,Liana.Torray@gmail.com,worker
123,Atlanta,Winthorpe,Atlanta.Winthorpe@yopmail.com,Atlanta.Winthorpe@gmail.com,police officer
124,Doro,Rossner,Doro.Rossner@yopmail.com,Doro.Rossner@gmail.com,developer
125,Margarette,Leary,Margarette.Leary@yopmail.com,Margarette.Leary@gmail.com,doctor
126,Kittie,Clywd,Kittie.Clywd@yopmail.com,Kittie.Clywd@gmail.com,firefighter
127,Jordan,Aprile,Jordan.Aprile@yopmail.com,Jordan.Aprile@gmail.com,worker
128,Sonni,Ummersen,Sonni.Ummersen@yopmail.com,Sonni.Ummersen@gmail.com,developer
129,Arlena,Travax,Arlena.Travax@yopmail.com,Arlena.Travax@gmail.com,developer
130,Candy,Anestassia,Candy.Anestassia@yopmail.com,Candy.Anestassia@gmail.com,developer
131,Abbie,Linehan,Abbie.Linehan@yopmail.com,Abbie.Linehan@gmail.com,firefighter
132,Netty,Gregrory,Netty.Gregrory@yopmail.com,Netty.Gregrory@gmail.com,police officer
133,Brana,Harday,Brana.Harday@yopmail.com,Brana.Harday@gmail.com,worker
134,Dacia,Mendez,Dacia.Mendez@yopmail.com,Dacia.Mendez@gmail.com,doctor
135,Leontine,Niles,Leontine.Niles@yopmail.com,Leontine.Niles@gmail.com,worker
136,Consuela,Carri,Consuela.Carri@yopmail.com,Consuela.Carri@gmail.com,developer
137,Paule,Peonir,Paule.Peonir@yopmail.com,Paule.Peonir@gmail.com,firefighter
138,Jessy,Robertson,Jessy.Robertson@yopmail.com,Jessy.Robertson@gmail.com,doctor
139,Viki,Tjon,Viki.Tjon@yopmail.com,Viki.Tjon@gmail.com,police officer
140,Brietta,Kristi,Brietta.Kristi@yopmail.com,Brietta.Kristi@gmail.com,firefighter
141,Ada,Ruvolo,Ada.Ruvolo@yopmail.com,Ada.Ruvolo@gmail.com,firefighter
142,Mellicent,Jary,Mellicent.Jary@yopmail.com,Mellicent.Jary@gmail.com,police officer
143,Kerrin,Lipson,Kerrin.Lipson@yopmail.com,Kerrin.Lipson@gmail.com,developer
144,Ellette,Grayce,Ellette.Grayce@yopmail.com,Ellette.Grayce@gmail.com,firefighter
145,Kenna,Martsen,Kenna.Martsen@yopmail.com,Kenna.Martsen@gmail.com,police officer
146,Caritta,Waite,Caritta.Waite@yopmail.com,Caritta.Waite@gmail.com,worker
147,Gianina,Devlen,Gianina.Devlen@yopmail.com,Gianina.Devlen@gmail.com,firefighter
148,Cassondra,Concha,Cassondra.Concha@yopmail.com,Cassondra.Concha@gmail.com,developer
149,Josephine,Charmine,Josephine.Charmine@yopmail.com,Josephine.Charmine@gmail.com,police officer
150,Livvyy,Corrine,Livvyy.Corrine@yopmail.com,Livvyy.Corrine@gmail.com,worker
151,Deedee,Stav,Deedee.Stav@yopmail.com,Deedee.Stav@gmail.com,worker
152,Cathie,Garbe,Cathie.Garbe@yopmail.com,Cathie.Garbe@gmail.com,police officer
153,Atlanta,Edee,Atlanta.Edee@yopmail.com,Atlanta.Edee@gmail.com,worker
154,Sara-Ann,Liva,Sara-Ann.Liva@yopmail.com,Sara-Ann.Liva@gmail.com,developer
155,Stephanie,Alrich,Stephanie.Alrich@yopmail.com,Stephanie.Alrich@gmail.com,firefighter
156,Janenna,Syd,Janenna.Syd@yopmail.com,Janenna.Syd@gmail.com,firefighter
157,Ann-Marie,Imelida,Ann-Marie.Imelida@yopmail.com,Ann-Marie.Imelida@gmail.com,firefighter
158,Netty,Kalinda,Netty.Kalinda@yopmail.com,Netty.Kalinda@gmail.com,police officer
159,Inga,Mehalek,Inga.Mehalek@yopmail.com,Inga.Mehalek@gmail.com,developer
160,Jenda,Pitt,Jenda.Pitt@yopmail.com,Jenda.Pitt@gmail.com,firefighter
161,Penelopa,Belldas,Penelopa.Belldas@yopmail.com,Penelopa.Belldas@gmail.com,doctor
162,Damaris,Toor,Damaris.Toor@yopmail.com,Damaris.Toor@gmail.com,doctor
163,Consuela,Maroney,Consuela.Maroney@yopmail.com,Consuela.Maroney@gmail.com,police officer
164,Dolli,Bates,Dolli.Bates@yopmail.com,Dolli.Bates@gmail.com,worker
165,Odessa,Dannye,Odessa.Dannye@yopmail.com,Odessa.Dannye@gmail.com,firefighter
166,Tabbatha,Wu,Tabbatha.Wu@yopmail.com,Tabbatha.Wu@gmail.com,police officer
167,Goldie,Viddah,Goldie.Viddah@yopmail.com,Goldie.Viddah@gmail.com,firefighter
168,Darci,Kaja,Darci.Kaja@yopmail.com,Darci.Kaja@gmail.com,police officer
169,Caressa,Carey,Caressa.Carey@yopmail.com,Caressa.Carey@gmail.com,developer
170,Laure,Poll,Laure.Poll@yopmail.com,Laure.Poll@gmail.com,doctor
171,Sandie,Strephon,Sandie.Strephon@yopmail.com,Sandie.Strephon@gmail.com,doctor
172,Judy,Alejoa,Judy.Alejoa@yopmail.com,Judy.Alejoa@gmail.com,doctor
173,Mathilda,Joachim,Mathilda.Joachim@yopmail.com,Mathilda.Joachim@gmail.com,worker
174,Jolyn,Seessel,Jolyn.Seessel@yopmail.com,Jolyn.Seessel@gmail.com,developer
175,Dulce,Creamer,Dulce.Creamer@yopmail.com,Dulce.Creamer@gmail.com,firefighter
176,Annice,Rosalba,Annice.Rosalba@yopmail.com,Annice.Rosalba@gmail.com,doctor
177,Briney,Ilka,Briney.Ilka@yopmail.com,Briney.Ilka@gmail.com,police officer
178,Gavrielle,Vivle,Gavrielle.Vivle@yopmail.com,Gavrielle.Vivle@gmail.com,doctor
179,Rhoda,Tannie,Rhoda.Tannie@yopmail.com,Rhoda.Tannie@gmail.com,developer
180,Elfreda,Bluh,Elfreda.Bluh@yopmail.com,Elfreda.Bluh@gmail.com,police officer
181,Tonia,Schonfeld,Tonia.Schonfeld@yopmail.com,Tonia.Schonfeld@gmail.com,firefighter
182,Jeanna,Ashok,Jeanna.Ashok@yopmail.com,Jeanna.Ashok@gmail.com,doctor
183,Brooks,Allare,Brooks.Allare@yopmail.com,Brooks.Allare@gmail.com,police officer
184,Trixi,Tatianas,Trixi.Tatianas@yopmail.com,Trixi.Tatianas@gmail.com,developer
185,Wilma,Schalles,Wilma.Schalles@yopmail.com,Wilma.Schalles@gmail.com,doctor
186,Fanchon,Chick,Fanchon.Chick@yopmail.com,Fanchon.Chick@gmail.com,doctor
187,Susette,Ax,Susette.Ax@yopmail.com,Susette.Ax@gmail.com,worker
188,Tabbatha,Cassius,Tabbatha.Cassius@yopmail.com,Tabbatha.Cassius@gmail.com,doctor
189,Tiffie,Urias,Tiffie.Urias@yopmail.com,Tiffie.Urias@gmail.com,doctor
190,Leeanne,Ashely,Leeanne.Ashely@yopmail.com,Leeanne.Ashely@gmail.com,worker
191,Rochette,Berl,Rochette.Berl@yopmail.com,Rochette.Berl@gmail.com,developer
192,Yolane,McGrody,Yolane.McGrody@yopmail.com,Yolane.McGrody@gmail.com,firefighter
193,Winifred,MacIntosh,Winifred.MacIntosh@yopmail.com,Winifred.MacIntosh@gmail.com,worker
194,Debee,Naor,Debee.Naor@yopmail.com,Debee.Naor@gmail.com,worker
195,Eadie,Dex,Eadie.Dex@yopmail.com,Eadie.Dex@gmail.com,police officer
196,Glenda,Adlare,Glenda.Adlare@yopmail.com,Glenda.Adlare@gmail.com,police officer
197,Collen,Olnee,Collen.Olnee@yopmail.com,Collen.Olnee@gmail.com,firefighter
198,Rozele,Anderea,Rozele.Anderea@yopmail.com,Rozele.Anderea@gmail.com,doctor
199,Marcy,Ingra,Marcy.Ingra@yopmail.com,Marcy.Ingra@gmail.com,worker
200,Mallory,Klemperer,Mallory.Klemperer@yopmail.com,Mallory.Klemperer@gmail.com,worker
201,Fina,Hessler,Fina.Hessler@yopmail.com,Fina.Hessler@gmail.com,firefighter
202,Ingrid,Dorothy,Ingrid.Dorothy@yopmail.com,Ingrid.Dorothy@gmail.com,doctor
203,Mamie,Ciapas,Mamie.Ciapas@yopmail.com,Mamie.Ciapas@gmail.com,developer
204,Ingrid,Masao,Ingrid.Masao@yopmail.com,Ingrid.Masao@gmail.com,doctor
205,Rori,Shaver,Rori.Shaver@yopmail.com,Rori.Shaver@gmail.com,developer
206,Morganica,Toni,Morganica.Toni@yopmail.com,Morganica.Toni@gmail.com,police officer
207,Rochette,Tayib,Rochette.Tayib@yopmail.com,Rochette.Tayib@gmail.com,firefighter
208,Ethel,Diann,Ethel.Diann@yopmail.com,Ethel.Diann@gmail.com,developer
209,June,MacIntosh,June.MacIntosh@yopmail.com,June.MacIntosh@gmail.com,firefighter
210,Sallie,Noman,Sallie.Noman@yopmail.com,Sallie.Noman@gmail.com,doctor
211,Beth,Pulsifer,Beth.Pulsifer@yopmail.com,Beth.Pulsifer@gmail.com,worker
212,Gusty,Katrine,Gusty.Katrine@yopmail.com,Gusty.Katrine@gmail.com,firefighter
213,Madeleine,Fax,Madeleine.Fax@yopmail.com,Madeleine.Fax@gmail.com,developer
214,Max,Jarib,Max.Jarib@yopmail.com,Max.Jarib@gmail.com,developer
215,Eve,Faust,Eve.Faust@yopmail.com,Eve.Faust@gmail.com,doctor
216,Cyndie,Tyson,Cyndie.Tyson@yopmail.com,Cyndie.Tyson@gmail.com,developer
217,Darlleen,Faria,Darlleen.Faria@yopmail.com,Darlleen.Faria@gmail.com,doctor
218,Harmonia,Vernier,Harmonia.Vernier@yopmail.com,Harmonia.Vernier@gmail.com,firefighter
219,Brietta,Markman,Brietta.Markman@yopmail.com,Brietta.Markman@gmail.com,firefighter
220,Gusty,Mintz,Gusty.Mintz@yopmail.com,Gusty.Mintz@gmail.com,developer
221,Stacey,Chobot,Stacey.Chobot@yopmail.com,Stacey.Chobot@gmail.com,worker
222,Mildrid,Bartlett,Mildrid.Bartlett@yopmail.com,Mildrid.Bartlett@gmail.com,firefighter
223,Nyssa,Dearborn,Nyssa.Dearborn@yopmail.com,Nyssa.Dearborn@gmail.com,firefighter
224,Rosanne,Matthew,Rosanne.Matthew@yopmail.com,Rosanne.Matthew@gmail.com,developer
225,Brena,Gunn,Brena.Gunn@yopmail.com,Brena.Gunn@gmail.com,worker
226,Alejandra,Bohlin,Alejandra.Bohlin@yopmail.com,Alejandra.Bohlin@gmail.com,police officer
227,Dorthy,Deny,Dorthy.Deny@yopmail.com,Dorthy.Deny@gmail.com,doctor
228,Marcy,Anastatius,Marcy.Anastatius@yopmail.com,Marcy.Anastatius@gmail.com,firefighter
229,Elie,Kesley,Elie.Kesley@yopmail.com,Elie.Kesley@gmail.com,firefighter
230,Deloria,Gherardo,Deloria.Gherardo@yopmail.com,Deloria.Gherardo@gmail.com,doctor
231,Shandie,Rese,Shandie.Rese@yopmail.com,Shandie.Rese@gmail.com,doctor
232,Genovera,Schalles,Genovera.Schalles@yopmail.com,Genovera.Schalles@gmail.com,worker
233,Dode,Arathorn,Dode.Arathorn@yopmail.com,Dode.Arathorn@gmail.com,police officer
234,Concettina,Warthman,Concettina.Warthman@yopmail.com,Concettina.Warthman@gmail.com,developer
235,Giustina,Mendez,Giustina.Mendez@yopmail.com,Giustina.Mendez@gmail.com,developer
236,Lily,Annabella,Lily.Annabella@yopmail.com,Lily.Annabella@gmail.com,doctor
237,Antonietta,Schalles,Antonietta.Schalles@yopmail.com,Antonietta.Schalles@gmail.com,police officer
238,Linzy,Tjon,Linzy.Tjon@yopmail.com,Linzy.Tjon@gmail.com,worker
239,Charlena,Anestassia,Charlena.Anestassia@yopmail.com,Charlena.Anestassia@gmail.com,firefighter
240,Moyna,Marsden,Moyna.Marsden@yopmail.com,Moyna.Marsden@gmail.com,police officer
241,Carree,Hubert,Carree.Hubert@yopmail.com,Carree.Hubert@gmail.com,worker
242,Amalie,Saunderson,Amalie.Saunderson@yopmail.com,Amalie.Saunderson@gmail.com,developer
243,Kelly,Hutchison,Kelly.Hutchison@yopmail.com,Kelly.Hutchison@gmail.com,doctor
244,Gilligan,Alarise,Gilligan.Alarise@yopmail.com,Gilligan.Alarise@gmail.com,worker
245,Peri,Lacombe,Peri.Lacombe@yopmail.com,Peri.Lacombe@gmail.com,firefighter
246,Annora,Zola,Annora.Zola@yopmail.com,Annora.Zola@gmail.com,doctor
247,Krystle,Deegan,Krystle.Deegan@yopmail.com,Krystle.Deegan@gmail.com,developer
248,Laure,Suzetta,Laure.Suzetta@yopmail.com,Laure.Suzetta@gmail.com,firefighter
249,Donetta,Kronfeld,Donetta.Kronfeld@yopmail.com,Donetta.Kronfeld@gmail.com,worker
250,Clarice,Bearnard,Clarice.Bearnard@yopmail.com,Clarice.Bearnard@gmail.com,firefighter
251,Cherilyn,Matthew,Cherilyn.Matthew@yopmail.com,Cherilyn.Matthew@gmail.com,worker
252,Aurelie,Radu,Aurelie.Radu@yopmail.com,Aurelie.Radu@gmail.com,firefighter
253,Anestassia,Bollay,Anestassia.Bollay@yopmail.com,Anestassia.Bollay@gmail.com,worker
254,Nelle,Haerr,Nelle.Haerr@yopmail.com,Nelle.Haerr@gmail.com,developer
255,Beatriz,Berne,Beatriz.Berne@yopmail.com,Beatriz.Berne@gmail.com,doctor
256,Tarra,Hepsibah,Tarra.Hepsibah@yopmail.com,Tarra.Hepsibah@gmail.com,worker
257,Sherrie,Fancie,Sherrie.Fancie@yopmail.com,Sherrie.Fancie@gmail.com,police officer
258,Lulita,Ferino,Lulita.Ferino@yopmail.com,Lulita.Ferino@gmail.com,doctor
259,Susette,Colyer,Susette.Colyer@yopmail.com,Susette.Colyer@gmail.com,developer
260,Jasmina,Jotham,Jasmina.Jotham@yopmail.com,Jasmina.Jotham@gmail.com,police officer
261,Barbi,Germann,Barbi.Germann@yopmail.com,Barbi.Germann@gmail.com,worker
262,Frank,Belldas,Frank.Belldas@yopmail.com,Frank.Belldas@gmail.com,developer
263,Shauna,Millda,Shauna.Millda@yopmail.com,Shauna.Millda@gmail.com,police officer
264,Viki,Dreda,Viki.Dreda@yopmail.com,Viki.Dreda@gmail.com,developer
265,Jere,Curren,Jere.Curren@yopmail.com,Jere.Curren@gmail.com,worker
266,Inga,Colp,Inga.Colp@yopmail.com,Inga.Colp@gmail.com,worker
267,Kellen,Cassius,Kellen.Cassius@yopmail.com,Kellen.Cassius@gmail.com,doctor
268,Marcy,Dearborn,Marcy.Dearborn@yopmail.com,Marcy.Dearborn@gmail.com,worker
269,Dulcinea,Khorma,Dulcinea.Khorma@yopmail.com,Dulcinea.Khorma@gmail.com,worker
270,Cordi,August,Cordi.August@yopmail.com,Cordi.August@gmail.com,worker
271,Tracey,Breed,Tracey.Breed@yopmail.com,Tracey.Breed@gmail.com,firefighter
272,Ellette,Secrest,Ellette.Secrest@yopmail.com,Ellette.Secrest@gmail.com,police officer
273,Iseabal,Hurley,Iseabal.Hurley@yopmail.com,Iseabal.Hurley@gmail.com,developer
274,Babita,Sherfield,Babita.Sherfield@yopmail.com,Babita.Sherfield@gmail.com,developer
275,Carlie,Larochelle,Carlie.Larochelle@yopmail.com,Carlie.Larochelle@gmail.com,worker
276,Sonni,Warthman,Sonni.Warthman@yopmail.com,Sonni.Warthman@gmail.com,doctor
277,Ardys,Strephon,Ardys.Strephon@yopmail.com,Ardys.Strephon@gmail.com,firefighter
278,Paola,Pillsbury,Paola.Pillsbury@yopmail.com,Paola.Pillsbury@gmail.com,developer
279,Augustine,Aloise,Augustine.Aloise@yopmail.com,Augustine.Aloise@gmail.com,doctor
280,Lesly,Secrest,Lesly.Secrest@yopmail.com,Lesly.Secrest@gmail.com,doctor
281,Jere,Burch,Jere.Burch@yopmail.com,Jere.Burch@gmail.com,developer
282,Michaelina,Baudin,Michaelina.Baudin@yopmail.com,Michaelina.Baudin@gmail.com,developer
283,Latisha,Maribeth,Latisha.Maribeth@yopmail.com,Latisha.Maribeth@gmail.com,firefighter
284,Rosabelle,Trinetta,Rosabelle.Trinetta@yopmail.com,Rosabelle.Trinetta@gmail.com,police officer
285,Sidoney,Desai,Sidoney.Desai@yopmail.com,Sidoney.Desai@gmail.com,police officer
286,Laurene,Thad,Laurene.Thad@yopmail.com,Laurene.Thad@gmail.com,developer
287,Sam,Pauly,Sam.Pauly@yopmail.com,Sam.Pauly@gmail.com,worker
288,Ericka,Uird,Ericka.Uird@yopmail.com,Ericka.Uird@gmail.com,doctor
289,Teriann,Ahab,Teriann.Ahab@yopmail.com,Teriann.Ahab@gmail.com,firefighter
290,Celene,Iiette,Celene.Iiette@yopmail.com,Celene.Iiette@gmail.com,firefighter
291,Pollyanna,Jary,Pollyanna.Jary@yopmail.com,Pollyanna.Jary@gmail.com,firefighter
292,Kore,Dermott,Kore.Dermott@yopmail.com,Kore.Dermott@gmail.com,developer
293,Johna,Kolnick,Johna.Kolnick@yopmail.com,Johna.Kolnick@gmail.com,worker
294,Marline,Guildroy,Marline.Guildroy@yopmail.com,Marline.Guildroy@gmail.com,doctor
295,Mureil,Nea,Mureil.Nea@yopmail.com,Mureil.Nea@gmail.com,doctor
296,Fernande,Bronk,Fernande.Bronk@yopmail.com,Fernande.Bronk@gmail.com,developer
297,Rosabelle,Ezar,Rosabelle.Ezar@yopmail.com,Rosabelle.Ezar@gmail.com,worker
298,Fina,Karna,Fina.Karna@yopmail.com,Fina.Karna@gmail.com,worker
299,Valeda,Dorothy,Valeda.Dorothy@yopmail.com,Valeda.Dorothy@gmail.com,firefighter
300,Dorthy,Talia,Dorthy.Talia@yopmail.com,Dorthy.Talia@gmail.com,worker
301,Fanny,Ferrell,Fanny.Ferrell@yopmail.com,Fanny.Ferrell@gmail.com,firefighter
302,Fanchon,Luhe,Fanchon.Luhe@yopmail.com,Fanchon.Luhe@gmail.com,worker
303,Mary,Si,Mary.Si@yopmail.com,Mary.Si@gmail.com,worker
304,Pollyanna,Modie,Pollyanna.Modie@yopmail.com,Pollyanna.Modie@gmail.com,developer
305,Starla,Henrie,Starla.Henrie@yopmail.com,Starla.Henrie@gmail.com,doctor
306,Mariele,Ingra,Mariele.Ingra@yopmail.com,Mariele.Ingra@gmail.com,developer
307,Rebeca,Horan,Rebeca.Horan@yopmail.com,Rebeca.Horan@gmail.com,doctor
308,Alie,Fredi,Alie.Fredi@yopmail.com,Alie.Fredi@gmail.com,firefighter
309,Adele,Merell,Adele.Merell@yopmail.com,Adele.Merell@gmail.com,developer
310,Petronia,Mayeda,Petronia.Mayeda@yopmail.com,Petronia.Mayeda@gmail.com,firefighter
311,Monika,Cath,Monika.Cath@yopmail.com,Monika.Cath@gmail.com,developer
312,Ottilie,Moina,Ottilie.Moina@yopmail.com,Ottilie.Moina@gmail.com,worker
313,Ana,Stoller,Ana.Stoller@yopmail.com,Ana.Stoller@gmail.com,developer
314,Modestia,Brodench,Modestia.Brodench@yopmail.com,Modestia.Brodench@gmail.com,police officer
315,Lilith,Prober,Lilith.Prober@yopmail.com,Lilith.Prober@gmail.com,worker
316,Marinna,Mehalek,Marinna.Mehalek@yopmail.com,Marinna.Mehalek@gmail.com,police officer
317,Ketti,Abernon,Ketti.Abernon@yopmail.com,Ketti.Abernon@gmail.com,worker
318,Lynea,Deny,Lynea.Deny@yopmail.com,Lynea.Deny@gmail.com,doctor
319,Sibella,Sikorski,Sibella.Sikorski@yopmail.com,Sibella.Sikorski@gmail.com,worker
320,Vinita,Peg,Vinita.Peg@yopmail.com,Vinita.Peg@gmail.com,firefighter
321,Alie,Garlinda,Alie.Garlinda@yopmail.com,Alie.Garlinda@gmail.com,firefighter
322,Yetty,Phyllis,Yetty.Phyllis@yopmail.com,Yetty.Phyllis@gmail.com,police officer
323,Dorothy,Westphal,Dorothy.Westphal@yopmail.com,Dorothy.Westphal@gmail.com,worker
324,Lynnea,Alfons,Lynnea.Alfons@yopmail.com,Lynnea.Alfons@gmail.com,firefighter
325,Di,Rhu,Di.Rhu@yopmail.com,Di.Rhu@gmail.com,doctor
326,Dorene,Lutero,Dorene.Lutero@yopmail.com,Dorene.Lutero@gmail.com,firefighter
327,Jobi,Cleavland,Jobi.Cleavland@yopmail.com,Jobi.Cleavland@gmail.com,doctor
328,Arabel,Anton,Arabel.Anton@yopmail.com,Arabel.Anton@gmail.com,developer
329,Merry,O'Rourke,Merry.O'Rourke@yopmail.com,Merry.O'Rourke@gmail.com,police officer
330,Pearline,Delp,Pearline.Delp@yopmail.com,Pearline.Delp@gmail.com,worker
331,Annecorinne,Faria,Annecorinne.Faria@yopmail.com,Annecorinne.Faria@gmail.com,worker
332,Stacey,Stanwood,Stacey.Stanwood@yopmail.com,Stacey.Stanwood@gmail.com,worker
333,Tabbatha,Tryck,Tabbatha.Tryck@yopmail.com,Tabbatha.Tryck@gmail.com,developer
334,Pearline,Sawtelle,Pearline.Sawtelle@yopmail.com,Pearline.Sawtelle@gmail.com,doctor
335,Anthia,Lowry,Anthia.Lowry@yopmail.com,Anthia.Lowry@gmail.com,doctor
336,Evita,Edee,Evita.Edee@yopmail.com,Evita.Edee@gmail.com,doctor
337,Coral,Chick,Coral.Chick@yopmail.com,Coral.Chick@gmail.com,firefighter
338,Carolina,Goerke,Carolina.Goerke@yopmail.com,Carolina.Goerke@gmail.com,doctor
339,Emilia,Darian,Emilia.Darian@yopmail.com,Emilia.Darian@gmail.com,doctor
340,Ursulina,O'Carroll,Ursulina.O'Carroll@yopmail.com,Ursulina.O'Carroll@gmail.com,police officer
341,Kial,Jacqui,Kial.Jacqui@yopmail.com,Kial.Jacqui@gmail.com,developer
342,Marleah,Rad,Marleah.Rad@yopmail.com,Marleah.Rad@gmail.com,developer
343,Roseline,Rhu,Roseline.Rhu@yopmail.com,Roseline.Rhu@gmail.com,worker
344,Mary,Schonfeld,Mary.Schonfeld@yopmail.com,Mary.Schonfeld@gmail.com,developer
345,Ellette,Tice,Ellette.Tice@yopmail.com,Ellette.Tice@gmail.com,developer
346,Rani,Chrystel,Rani.Chrystel@yopmail.com,Rani.Chrystel@gmail.com,police officer
347,Gwenneth,Olin,Gwenneth.Olin@yopmail.com,Gwenneth.Olin@gmail.com,firefighter
348,Margarette,Garrison,Margarette.Garrison@yopmail.com,Margarette.Garrison@gmail.com,police officer
349,Jenilee,Tannie,Jenilee.Tannie@yopmail.com,Jenilee.Tannie@gmail.com,doctor
350,Camile,Goerke,Camile.Goerke@yopmail.com,Camile.Goerke@gmail.com,doctor
351,Loree,Toni,Loree.Toni@yopmail.com,Loree.Toni@gmail.com,police officer
352,Blondelle,Tomasina,Blondelle.Tomasina@yopmail.com,Blondelle.Tomasina@gmail.com,developer
353,Kenna,McAdams,Kenna.McAdams@yopmail.com,Kenna.McAdams@gmail.com,worker
354,Ilse,Flita,Ilse.Flita@yopmail.com,Ilse.Flita@gmail.com,worker
355,Kamilah,Nahum,Kamilah.Nahum@yopmail.com,Kamilah.Nahum@gmail.com,developer
356,Britni,Screens,Britni.Screens@yopmail.com,Britni.Screens@gmail.com,developer
357,Ida,Publia,Ida.Publia@yopmail.com,Ida.Publia@gmail.com,doctor
358,Di,Sancho,Di.Sancho@yopmail.com,Di.Sancho@gmail.com,firefighter
359,Yolane,Berriman,Yolane.Berriman@yopmail.com,Yolane.Berriman@gmail.com,developer
360,Aimil,Dorothy,Aimil.Dorothy@yopmail.com,Aimil.Dorothy@gmail.com,developer
361,Alia,Madaih,Alia.Madaih@yopmail.com,Alia.Madaih@gmail.com,doctor
362,Jsandye,Wildermuth,Jsandye.Wildermuth@yopmail.com,Jsandye.Wildermuth@gmail.com,police officer
363,Belinda,Johnsson,Belinda.Johnsson@yopmail.com,Belinda.Johnsson@gmail.com,worker
364,Mary,Mata,Mary.Mata@yopmail.com,Mary.Mata@gmail.com,worker
365,Allis,Diann,Allis.Diann@yopmail.com,Allis.Diann@gmail.com,police officer
366,Olivette,Schwejda,Olivette.Schwejda@yopmail.com,Olivette.Schwejda@gmail.com,worker
367,Rhea,Colyer,Rhea.Colyer@yopmail.com,Rhea.Colyer@gmail.com,worker
368,Shannah,Modie,Shannah.Modie@yopmail.com,Shannah.Modie@gmail.com,developer
369,Diena,Zachary,Diena.Zachary@yopmail.com,Diena.Zachary@gmail.com,firefighter
370,Monika,Clie,Monika.Clie@yopmail.com,Monika.Clie@gmail.com,developer
371,Di,Cherianne,Di.Cherianne@yopmail.com,Di.Cherianne@gmail.com,firefighter
372,Claudina,Aloise,Claudina.Aloise@yopmail.com,Claudina.Aloise@gmail.com,firefighter
373,Robbi,Sharl,Robbi.Sharl@yopmail.com,Robbi.Sharl@gmail.com,doctor
374,Tilly,Larochelle,Tilly.Larochelle@yopmail.com,Tilly.Larochelle@gmail.com,developer
375,Kassey,Oneida,Kassey.Oneida@yopmail.com,Kassey.Oneida@gmail.com,police officer
376,Nita,Chobot,Nita.Chobot@yopmail.com,Nita.Chobot@gmail.com,police officer
377,Aurore,Hamil,Aurore.Hamil@yopmail.com,Aurore.Hamil@gmail.com,doctor
378,Leona,Raimondo,Leona.Raimondo@yopmail.com,Leona.Raimondo@gmail.com,police officer
379,Basia,Ailyn,Basia.Ailyn@yopmail.com,Basia.Ailyn@gmail.com,developer
380,Millie,Sigfrid,Millie.Sigfrid@yopmail.com,Millie.Sigfrid@gmail.com,doctor
381,Kristan,Malina,Kristan.Malina@yopmail.com,Kristan.Malina@gmail.com,worker
382,Marika,Ezar,Marika.Ezar@yopmail.com,Marika.Ezar@gmail.com,developer
383,Gwyneth,Lytton,Gwyneth.Lytton@yopmail.com,Gwyneth.Lytton@gmail.com,worker
384,Abbie,Tristram,Abbie.Tristram@yopmail.com,Abbie.Tristram@gmail.com,firefighter
385,June,Graig,June.Graig@yopmail.com,June.Graig@gmail.com,developer
386,Mariann,Pettiford,Mariann.Pettiford@yopmail.com,Mariann.Pettiford@gmail.com,doctor
387,Rayna,Schonfeld,Rayna.Schonfeld@yopmail.com,Rayna.Schonfeld@gmail.com,doctor
388,Lulita,Zaslow,Lulita.Zaslow@yopmail.com,Lulita.Zaslow@gmail.com,developer
389,Babita,Mich,Babita.Mich@yopmail.com,Babita.Mich@gmail.com,developer
390,Dotty,Olnee,Dotty.Olnee@yopmail.com,Dotty.Olnee@gmail.com,worker
391,Ann-Marie,Teddman,Ann-Marie.Teddman@yopmail.com,Ann-Marie.Teddman@gmail.com,worker
392,Jemie,Toffic,Jemie.Toffic@yopmail.com,Jemie.Toffic@gmail.com,doctor
393,Mara,Keily,Mara.Keily@yopmail.com,Mara.Keily@gmail.com,doctor
394,Angela,Romelda,Angela.Romelda@yopmail.com,Angela.Romelda@gmail.com,doctor
395,Rosene,Bouchard,Rosene.Bouchard@yopmail.com,Rosene.Bouchard@gmail.com,doctor
396,Mahalia,Engdahl,Mahalia.Engdahl@yopmail.com,Mahalia.Engdahl@gmail.com,developer
397,Oona,Havens,Oona.Havens@yopmail.com,Oona.Havens@gmail.com,worker
398,Meghann,Roxanna,Meghann.Roxanna@yopmail.com,Meghann.Roxanna@gmail.com,worker
399,Alexine,Chaing,Alexine.Chaing@yopmail.com,Alexine.Chaing@gmail.com,developer
400,Micheline,Lea,Micheline.Lea@yopmail.com,Micheline.Lea@gmail.com,worker
401,Kassey,Shelba,Kassey.Shelba@yopmail.com,Kassey.Shelba@gmail.com,worker
402,Livvyy,Grayce,Livvyy.Grayce@yopmail.com,Livvyy.Grayce@gmail.com,police officer
403,Aurelie,Stelle,Aurelie.Stelle@yopmail.com,Aurelie.Stelle@gmail.com,police officer
404,Bernardine,Brotherson,Bernardine.Brotherson@yopmail.com,Bernardine.Brotherson@gmail.com,firefighter
405,Yetty,Argus,Yetty.Argus@yopmail.com,Yetty.Argus@gmail.com,firefighter
406,Blake,Anton,Blake.Anton@yopmail.com,Blake.Anton@gmail.com,developer
407,Jany,Colbert,Jany.Colbert@yopmail.com,Jany.Colbert@gmail.com,firefighter
408,Sharlene,Alisia,Sharlene.Alisia@yopmail.com,Sharlene.Alisia@gmail.com,doctor
409,Felice,Lumbard,Felice.Lumbard@yopmail.com,Felice.Lumbard@gmail.com,developer
410,Kerrin,Delacourt,Kerrin.Delacourt@yopmail.com,Kerrin.Delacourt@gmail.com,worker
411,Barbara,Sinegold,Barbara.Sinegold@yopmail.com,Barbara.Sinegold@gmail.com,developer
412,Teriann,Gordon,Teriann.Gordon@yopmail.com,Teriann.Gordon@gmail.com,worker
413,Gretal,Darian,Gretal.Darian@yopmail.com,Gretal.Darian@gmail.com,worker
414,Diena,Alice,Diena.Alice@yopmail.com,Diena.Alice@gmail.com,worker
415,Brena,Truc,Brena.Truc@yopmail.com,Brena.Truc@gmail.com,police officer
416,Aigneis,Diogenes,Aigneis.Diogenes@yopmail.com,Aigneis.Diogenes@gmail.com,police officer
417,Sean,Cutlerr,Sean.Cutlerr@yopmail.com,Sean.Cutlerr@gmail.com,firefighter
418,Phedra,Lutero,Phedra.Lutero@yopmail.com,Phedra.Lutero@gmail.com,developer
419,Tabbatha,Holtz,Tabbatha.Holtz@yopmail.com,Tabbatha.Holtz@gmail.com,doctor
420,Amii,Margarete,Amii.Margarete@yopmail.com,Amii.Margarete@gmail.com,developer
421,Mellicent,Loleta,Mellicent.Loleta@yopmail.com,Mellicent.Loleta@gmail.com,doctor
422,Roberta,Jerald,Roberta.Jerald@yopmail.com,Roberta.Jerald@gmail.com,worker
423,Courtnay,Trinetta,Courtnay.Trinetta@yopmail.com,Courtnay.Trinetta@gmail.com,worker
424,Nicoli,Hunfredo,Nicoli.Hunfredo@yopmail.com,Nicoli.Hunfredo@gmail.com,police officer
425,Meriel,Seessel,Meriel.Seessel@yopmail.com,Meriel.Seessel@gmail.com,worker
426,Ninnetta,Gemini,Ninnetta.Gemini@yopmail.com,Ninnetta.Gemini@gmail.com,worker
427,Alyda,Rad,Alyda.Rad@yopmail.com,Alyda.Rad@gmail.com,worker
428,Misha,Hanshaw,Misha.Hanshaw@yopmail.com,Misha.Hanshaw@gmail.com,firefighter
429,Daphne,Jaylene,Daphne.Jaylene@yopmail.com,Daphne.Jaylene@gmail.com,police officer
430,Dotty,Reneta,Dotty.Reneta@yopmail.com,Dotty.Reneta@gmail.com,developer
431,Marika,Neils,Marika.Neils@yopmail.com,Marika.Neils@gmail.com,developer
432,Teriann,Hathaway,Teriann.Hathaway@yopmail.com,Teriann.Hathaway@gmail.com,firefighter
433,Debee,Miru,Debee.Miru@yopmail.com,Debee.Miru@gmail.com,worker
434,Rosanne,Grimbly,Rosanne.Grimbly@yopmail.com,Rosanne.Grimbly@gmail.com,worker
435,Madalyn,Astra,Madalyn.Astra@yopmail.com,Madalyn.Astra@gmail.com,developer
436,Elyssa,Kermit,Elyssa.Kermit@yopmail.com,Elyssa.Kermit@gmail.com,firefighter
437,Edee,Koziara,Edee.Koziara@yopmail.com,Edee.Koziara@gmail.com,worker
438,Darlleen,Robertson,Darlleen.Robertson@yopmail.com,Darlleen.Robertson@gmail.com,firefighter
439,Marjie,Jethro,Marjie.Jethro@yopmail.com,Marjie.Jethro@gmail.com,developer
440,Tatiania,Wallis,Tatiania.Wallis@yopmail.com,Tatiania.Wallis@gmail.com,developer
441,Jinny,Alrich,Jinny.Alrich@yopmail.com,Jinny.Alrich@gmail.com,developer
442,Dorice,Pascia,Dorice.Pascia@yopmail.com,Dorice.Pascia@gmail.com,doctor
443,Carol-Jean,Phyllis,Carol-Jean.Phyllis@yopmail.com,Carol-Jean.Phyllis@gmail.com,doctor
444,Raquela,Kenney,Raquela.Kenney@yopmail.com,Raquela.Kenney@gmail.com,worker
445,Rosene,Morehouse,Rosene.Morehouse@yopmail.com,Rosene.Morehouse@gmail.com,worker
446,Anallese,Magdalen,Anallese.Magdalen@yopmail.com,Anallese.Magdalen@gmail.com,doctor
447,Margarette,Ruvolo,Margarette.Ruvolo@yopmail.com,Margarette.Ruvolo@gmail.com,firefighter
448,Florie,Berard,Florie.Berard@yopmail.com,Florie.Berard@gmail.com,police officer
449,Pierette,Standing,Pierette.Standing@yopmail.com,Pierette.Standing@gmail.com,worker
450,Deane,Agle,Deane.Agle@yopmail.com,Deane.Agle@gmail.com,developer
451,Chrystel,Drus,Chrystel.Drus@yopmail.com,Chrystel.Drus@gmail.com,police officer
452,Stephanie,Shelba,Stephanie.Shelba@yopmail.com,Stephanie.Shelba@gmail.com,firefighter
453,Vanessa,Evangelia,Vanessa.Evangelia@yopmail.com,Vanessa.Evangelia@gmail.com,doctor
454,Renie,Fulmer,Renie.Fulmer@yopmail.com,Renie.Fulmer@gmail.com,firefighter
455,Elie,Jehu,Elie.Jehu@yopmail.com,Elie.Jehu@gmail.com,police officer
456,Olwen,Rheingold,Olwen.Rheingold@yopmail.com,Olwen.Rheingold@gmail.com,developer
457,Roseline,Faust,Roseline.Faust@yopmail.com,Roseline.Faust@gmail.com,worker
458,Evita,Obed,Evita.Obed@yopmail.com,Evita.Obed@gmail.com,police officer
459,Modestia,Eachern,Modestia.Eachern@yopmail.com,Modestia.Eachern@gmail.com,doctor
460,Blake,Egbert,Blake.Egbert@yopmail.com,Blake.Egbert@gmail.com,developer
461,Ermengarde,Terrence,Ermengarde.Terrence@yopmail.com,Ermengarde.Terrence@gmail.com,worker
462,Darci,Lilybelle,Darci.Lilybelle@yopmail.com,Darci.Lilybelle@gmail.com,doctor
463,Nerta,Argus,Nerta.Argus@yopmail.com,Nerta.Argus@gmail.com,firefighter
464,Cassondra,Estella,Cassondra.Estella@yopmail.com,Cassondra.Estella@gmail.com,police officer
465,Gertrud,Elisha,Gertrud.Elisha@yopmail.com,Gertrud.Elisha@gmail.com,worker
466,Lory,Kirbee,Lory.Kirbee@yopmail.com,Lory.Kirbee@gmail.com,developer
467,Kirstin,Fosque,Kirstin.Fosque@yopmail.com,Kirstin.Fosque@gmail.com,doctor
468,Sam,Ochs,Sam.Ochs@yopmail.com,Sam.Ochs@gmail.com,doctor
469,Livvyy,Raychel,Livvyy.Raychel@yopmail.com,Livvyy.Raychel@gmail.com,police officer
470,Aaren,Eiser,Aaren.Eiser@yopmail.com,Aaren.Eiser@gmail.com,developer
471,Ingrid,Seessel,Ingrid.Seessel@yopmail.com,Ingrid.Seessel@gmail.com,doctor
472,Lorenza,Tippets,Lorenza.Tippets@yopmail.com,Lorenza.Tippets@gmail.com,police officer
473,Brianna,Lorenz,Brianna.Lorenz@yopmail.com,Brianna.Lorenz@gmail.com,police officer
474,Hayley,Latini,Hayley.Latini@yopmail.com,Hayley.Latini@gmail.com,worker
475,Mary,Even,Mary.Even@yopmail.com,Mary.Even@gmail.com,police officer
476,Libbie,Georas,Libbie.Georas@yopmail.com,Libbie.Georas@gmail.com,developer
477,Daryl,Kress,Daryl.Kress@yopmail.com,Daryl.Kress@gmail.com,developer
478,Marnia,Naor,Marnia.Naor@yopmail.com,Marnia.Naor@gmail.com,doctor
479,Desirae,Saunderson,Desirae.Saunderson@yopmail.com,Desirae.Saunderson@gmail.com,police officer
480,Elena,Lane,Elena.Lane@yopmail.com,Elena.Lane@gmail.com,police officer
481,Justinn,Jotham,Justinn.Jotham@yopmail.com,Justinn.Jotham@gmail.com,developer
482,Mady,Gaal,Mady.Gaal@yopmail.com,Mady.Gaal@gmail.com,worker
483,Jasmina,Evvie,Jasmina.Evvie@yopmail.com,Jasmina.Evvie@gmail.com,firefighter
484,Ardys,Fontana,Ardys.Fontana@yopmail.com,Ardys.Fontana@gmail.com,worker
485,Dorothy,Gilmour,Dorothy.Gilmour@yopmail.com,Dorothy.Gilmour@gmail.com,firefighter
486,Gisela,Woodberry,Gisela.Woodberry@yopmail.com,Gisela.Woodberry@gmail.com,doctor
487,Lusa,Allare,Lusa.Allare@yopmail.com,Lusa.Allare@gmail.com,doctor
488,Maurene,Ramona,Maurene.Ramona@yopmail.com,Maurene.Ramona@gmail.com,worker
489,Candy,Ciapas,Candy.Ciapas@yopmail.com,Candy.Ciapas@gmail.com,firefighter
490,Gwyneth,Darian,Gwyneth.Darian@yopmail.com,Gwyneth.Darian@gmail.com,worker
491,Elie,Saint,Elie.Saint@yopmail.com,Elie.Saint@gmail.com,firefighter
492,Bibby,Lenny,Bibby.Lenny@yopmail.com,Bibby.Lenny@gmail.com,firefighter
493,Lanae,Madelene,Lanae.Madelene@yopmail.com,Lanae.Madelene@gmail.com,police officer
494,Imojean,Heisel,Imojean.Heisel@yopmail.com,Imojean.Heisel@gmail.com,police officer
495,Anthia,Edvard,Anthia.Edvard@yopmail.com,Anthia.Edvard@gmail.com,developer
496,Talya,Bandeen,Talya.Bandeen@yopmail.com,Talya.Bandeen@gmail.com,worker
497,Jeanna,Kendrick,Jeanna.Kendrick@yopmail.com,Jeanna.Kendrick@gmail.com,developer
498,Valeda,Leopold,Valeda.Leopold@yopmail.com,Valeda.Leopold@gmail.com,worker
499,Cassondra,Helve,Cassondra.Helve@yopmail.com,Cassondra.Helve@gmail.com,firefighter
500,Olivette,Ochs,Olivette.Ochs@yopmail.com,Olivette.Ochs@gmail.com,developer
501,Lolita,Dielu,Lolita.Dielu@yopmail.com,Lolita.Dielu@gmail.com,firefighter
502,Jasmina,Hathaway,Jasmina.Hathaway@yopmail.com,Jasmina.Hathaway@gmail.com,developer
503,Viki,Joeann,Viki.Joeann@yopmail.com,Viki.Joeann@gmail.com,developer
504,Phylis,Lay,Phylis.Lay@yopmail.com,Phylis.Lay@gmail.com,worker
505,Rivalee,McNully,Rivalee.McNully@yopmail.com,Rivalee.McNully@gmail.com,doctor
506,Ursulina,Wittie,Ursulina.Wittie@yopmail.com,Ursulina.Wittie@gmail.com,doctor
507,Arabel,Boehike,Arabel.Boehike@yopmail.com,Arabel.Boehike@gmail.com,police officer
508,Sybille,Soneson,Sybille.Soneson@yopmail.com,Sybille.Soneson@gmail.com,doctor
509,Kittie,Orlene,Kittie.Orlene@yopmail.com,Kittie.Orlene@gmail.com,developer
510,Allyce,Harned,Allyce.Harned@yopmail.com,Allyce.Harned@gmail.com,police officer
511,Arabel,Mayeda,Arabel.Mayeda@yopmail.com,Arabel.Mayeda@gmail.com,developer
512,Odessa,McGrody,Odessa.McGrody@yopmail.com,Odessa.McGrody@gmail.com,police officer
513,Demetris,Jess,Demetris.Jess@yopmail.com,Demetris.Jess@gmail.com,firefighter
514,Maurene,Bonucci,Maurene.Bonucci@yopmail.com,Maurene.Bonucci@gmail.com,worker
515,Merry,Mata,Merry.Mata@yopmail.com,Merry.Mata@gmail.com,doctor
516,Viviene,Fink,Viviene.Fink@yopmail.com,Viviene.Fink@gmail.com,doctor
517,Kathy,Cynar,Kathy.Cynar@yopmail.com,Kathy.Cynar@gmail.com,police officer
518,Karolina,Stelle,Karolina.Stelle@yopmail.com,Karolina.Stelle@gmail.com,firefighter
519,Ricky,Kenwood,Ricky.Kenwood@yopmail.com,Ricky.Kenwood@gmail.com,firefighter
520,Demetris,Ortrude,Demetris.Ortrude@yopmail.com,Demetris.Ortrude@gmail.com,police officer
521,Lacie,Othilia,Lacie.Othilia@yopmail.com,Lacie.Othilia@gmail.com,worker
522,Keelia,Emmaline,Keelia.Emmaline@yopmail.com,Keelia.Emmaline@gmail.com,police officer
523,Selma,Dituri,Selma.Dituri@yopmail.com,Selma.Dituri@gmail.com,doctor
524,Shauna,Jenness,Shauna.Jenness@yopmail.com,Shauna.Jenness@gmail.com,firefighter
525,Hollie,Screens,Hollie.Screens@yopmail.com,Hollie.Screens@gmail.com,police officer
526,Evaleen,Hoenack,Evaleen.Hoenack@yopmail.com,Evaleen.Hoenack@gmail.com,police officer
527,Shandie,Martguerita,Shandie.Martguerita@yopmail.com,Shandie.Martguerita@gmail.com,doctor
528,Renie,Matthew,Renie.Matthew@yopmail.com,Renie.Matthew@gmail.com,doctor
529,Sherrie,Ophelia,Sherrie.Ophelia@yopmail.com,Sherrie.Ophelia@gmail.com,developer
530,Ruthe,Monaco,Ruthe.Monaco@yopmail.com,Ruthe.Monaco@gmail.com,developer
531,Melisent,Campball,Melisent.Campball@yopmail.com,Melisent.Campball@gmail.com,worker
532,Natka,Liva,Natka.Liva@yopmail.com,Natka.Liva@gmail.com,developer
533,Leontine,Norrie,Leontine.Norrie@yopmail.com,Leontine.Norrie@gmail.com,doctor
534,Feliza,Marlie,Feliza.Marlie@yopmail.com,Feliza.Marlie@gmail.com,developer
535,Starla,Maurine,Starla.Maurine@yopmail.com,Starla.Maurine@gmail.com,developer
536,Flory,Slifka,Flory.Slifka@yopmail.com,Flory.Slifka@gmail.com,police officer
537,Tybie,Kesley,Tybie.Kesley@yopmail.com,Tybie.Kesley@gmail.com,police officer
538,Johna,Denis,Johna.Denis@yopmail.com,Johna.Denis@gmail.com,developer
539,Brietta,Juliet,Brietta.Juliet@yopmail.com,Brietta.Juliet@gmail.com,developer
540,Cordi,Niccolo,Cordi.Niccolo@yopmail.com,Cordi.Niccolo@gmail.com,doctor
541,Paule,Fiann,Paule.Fiann@yopmail.com,Paule.Fiann@gmail.com,firefighter
542,Joeann,Monaco,Joeann.Monaco@yopmail.com,Joeann.Monaco@gmail.com,firefighter
543,Johna,Doig,Johna.Doig@yopmail.com,Johna.Doig@gmail.com,police officer
544,Dolli,Hoenack,Dolli.Hoenack@yopmail.com,Dolli.Hoenack@gmail.com,doctor
545,Maud,Edmund,Maud.Edmund@yopmail.com,Maud.Edmund@gmail.com,developer
546,Tracey,Obed,Tracey.Obed@yopmail.com,Tracey.Obed@gmail.com,worker
547,Gloria,Haymes,Gloria.Haymes@yopmail.com,Gloria.Haymes@gmail.com,developer
548,Vonny,Fleeta,Vonny.Fleeta@yopmail.com,Vonny.Fleeta@gmail.com,worker
549,Esmeralda,Sigfrid,Esmeralda.Sigfrid@yopmail.com,Esmeralda.Sigfrid@gmail.com,police officer
550,Hannis,Pettiford,Hannis.Pettiford@yopmail.com,Hannis.Pettiford@gmail.com,developer
551,Agathe,Artie,Agathe.Artie@yopmail.com,Agathe.Artie@gmail.com,worker
552,Loree,Adamsen,Loree.Adamsen@yopmail.com,Loree.Adamsen@gmail.com,police officer
553,Rubie,Mintz,Rubie.Mintz@yopmail.com,Rubie.Mintz@gmail.com,police officer
554,Annaliese,Maurine,Annaliese.Maurine@yopmail.com,Annaliese.Maurine@gmail.com,developer
555,Vere,Kunin,Vere.Kunin@yopmail.com,Vere.Kunin@gmail.com,doctor
556,Anallese,Gilbertson,Anallese.Gilbertson@yopmail.com,Anallese.Gilbertson@gmail.com,firefighter
557,Isa,Huggins,Isa.Huggins@yopmail.com,Isa.Huggins@gmail.com,doctor
558,Charissa,Truc,Charissa.Truc@yopmail.com,Charissa.Truc@gmail.com,firefighter
559,Lizzie,Stelle,Lizzie.Stelle@yopmail.com,Lizzie.Stelle@gmail.com,firefighter
560,Frieda,Kelula,Frieda.Kelula@yopmail.com,Frieda.Kelula@gmail.com,developer
561,Cyb,Olin,Cyb.Olin@yopmail.com,Cyb.Olin@gmail.com,doctor
562,Blake,Jotham,Blake.Jotham@yopmail.com,Blake.Jotham@gmail.com,police officer
563,Daphne,Armanda,Daphne.Armanda@yopmail.com,Daphne.Armanda@gmail.com,police officer
564,Feliza,Pozzy,Feliza.Pozzy@yopmail.com,Feliza.Pozzy@gmail.com,worker
565,Elbertina,Marcellus,Elbertina.Marcellus@yopmail.com,Elbertina.Marcellus@gmail.com,doctor
566,Tarra,Niccolo,Tarra.Niccolo@yopmail.com,Tarra.Niccolo@gmail.com,developer
567,Paule,Sisile,Paule.Sisile@yopmail.com,Paule.Sisile@gmail.com,police officer
568,Rani,Keelia,Rani.Keelia@yopmail.com,Rani.Keelia@gmail.com,worker
569,Emilia,Dannye,Emilia.Dannye@yopmail.com,Emilia.Dannye@gmail.com,doctor
570,Devina,Reinke,Devina.Reinke@yopmail.com,Devina.Reinke@gmail.com,worker
571,Beatriz,Germann,Beatriz.Germann@yopmail.com,Beatriz.Germann@gmail.com,doctor
572,Henriette,Morrill,Henriette.Morrill@yopmail.com,Henriette.Morrill@gmail.com,developer
573,Vere,Parsaye,Vere.Parsaye@yopmail.com,Vere.Parsaye@gmail.com,firefighter
574,Nataline,Kenwood,Nataline.Kenwood@yopmail.com,Nataline.Kenwood@gmail.com,police officer
575,Sallie,Angelis,Sallie.Angelis@yopmail.com,Sallie.Angelis@gmail.com,worker
576,Miquela,Tamar,Miquela.Tamar@yopmail.com,Miquela.Tamar@gmail.com,developer
577,Phedra,Lucienne,Phedra.Lucienne@yopmail.com,Phedra.Lucienne@gmail.com,doctor
578,Louella,Roxanna,Louella.Roxanna@yopmail.com,Louella.Roxanna@gmail.com,firefighter
579,Claudina,Chaing,Claudina.Chaing@yopmail.com,Claudina.Chaing@gmail.com,police officer
580,Fina,Primalia,Fina.Primalia@yopmail.com,Fina.Primalia@gmail.com,doctor
581,Ada,Armanda,Ada.Armanda@yopmail.com,Ada.Armanda@gmail.com,police officer
582,Atlanta,Seagraves,Atlanta.Seagraves@yopmail.com,Atlanta.Seagraves@gmail.com,doctor
583,Netty,Jalbert,Netty.Jalbert@yopmail.com,Netty.Jalbert@gmail.com,doctor
584,Viviene,Adrienne,Viviene.Adrienne@yopmail.com,Viviene.Adrienne@gmail.com,worker
585,Cindelyn,Payson,Cindelyn.Payson@yopmail.com,Cindelyn.Payson@gmail.com,doctor
586,Kial,Harned,Kial.Harned@yopmail.com,Kial.Harned@gmail.com,firefighter
587,Leanna,Middleton,Leanna.Middleton@yopmail.com,Leanna.Middleton@gmail.com,police officer
588,Joceline,Poll,Joceline.Poll@yopmail.com,Joceline.Poll@gmail.com,firefighter
589,Minne,Cottle,Minne.Cottle@yopmail.com,Minne.Cottle@gmail.com,firefighter
590,Micheline,Barney,Micheline.Barney@yopmail.com,Micheline.Barney@gmail.com,developer
591,Janenna,Carey,Janenna.Carey@yopmail.com,Janenna.Carey@gmail.com,police officer
592,Ada,Moina,Ada.Moina@yopmail.com,Ada.Moina@gmail.com,doctor
593,Sandie,Ventre,Sandie.Ventre@yopmail.com,Sandie.Ventre@gmail.com,developer
594,Susan,Schlosser,Susan.Schlosser@yopmail.com,Susan.Schlosser@gmail.com,police officer
595,Orsola,Bultman,Orsola.Bultman@yopmail.com,Orsola.Bultman@gmail.com,firefighter
596,Rivalee,Sallyann,Rivalee.Sallyann@yopmail.com,Rivalee.Sallyann@gmail.com,worker
597,Carolina,Sandye,Carolina.Sandye@yopmail.com,Carolina.Sandye@gmail.com,developer
598,Nicoli,Sheedy,Nicoli.Sheedy@yopmail.com,Nicoli.Sheedy@gmail.com,doctor
599,Fred,Rese,Fred.Rese@yopmail.com,Fred.Rese@gmail.com,worker
600,Sharai,Pacorro,Sharai.Pacorro@yopmail.com,Sharai.Pacorro@gmail.com,doctor
601,Viviene,Callista,Viviene.Callista@yopmail.com,Viviene.Callista@gmail.com,doctor
602,Darlleen,Sothena,Darlleen.Sothena@yopmail.com,Darlleen.Sothena@gmail.com,worker
603,Kellen,Anis,Kellen.Anis@yopmail.com,Kellen.Anis@gmail.com,worker
604,Dyann,Rubie,Dyann.Rubie@yopmail.com,Dyann.Rubie@gmail.com,firefighter
605,Britte,Margret,Britte.Margret@yopmail.com,Britte.Margret@gmail.com,police officer
606,Annice,Idelia,Annice.Idelia@yopmail.com,Annice.Idelia@gmail.com,developer
607,Agathe,Mullane,Agathe.Mullane@yopmail.com,Agathe.Mullane@gmail.com,worker
608,Clo,Lymann,Clo.Lymann@yopmail.com,Clo.Lymann@gmail.com,police officer
609,Alisha,Drus,Alisha.Drus@yopmail.com,Alisha.Drus@gmail.com,worker
610,Ketti,Wittie,Ketti.Wittie@yopmail.com,Ketti.Wittie@gmail.com,doctor
611,Georgetta,Faria,Georgetta.Faria@yopmail.com,Georgetta.Faria@gmail.com,developer
612,Dorice,Norrie,Dorice.Norrie@yopmail.com,Dorice.Norrie@gmail.com,developer
613,Lauryn,Garek,Lauryn.Garek@yopmail.com,Lauryn.Garek@gmail.com,worker
614,Elka,Thad,Elka.Thad@yopmail.com,Elka.Thad@gmail.com,worker
615,Zondra,Olympium,Zondra.Olympium@yopmail.com,Zondra.Olympium@gmail.com,police officer
616,Dulce,Cookie,Dulce.Cookie@yopmail.com,Dulce.Cookie@gmail.com,doctor
617,Helena,Kimmie,Helena.Kimmie@yopmail.com,Helena.Kimmie@gmail.com,doctor
618,Ethel,Pelagias,Ethel.Pelagias@yopmail.com,Ethel.Pelagias@gmail.com,firefighter
619,Jolyn,Remmer,Jolyn.Remmer@yopmail.com,Jolyn.Remmer@gmail.com,worker
620,Shandie,Martsen,Shandie.Martsen@yopmail.com,Shandie.Martsen@gmail.com,worker
621,Christian,Malvino,Christian.Malvino@yopmail.com,Christian.Malvino@gmail.com,worker
622,Genevra,Himelman,Genevra.Himelman@yopmail.com,Genevra.Himelman@gmail.com,firefighter
623,Tonia,Eben,Tonia.Eben@yopmail.com,Tonia.Eben@gmail.com,developer
624,Yvonne,Carbo,Yvonne.Carbo@yopmail.com,Yvonne.Carbo@gmail.com,firefighter
625,Hyacinthe,Loleta,Hyacinthe.Loleta@yopmail.com,Hyacinthe.Loleta@gmail.com,developer
626,Tiffie,Egbert,Tiffie.Egbert@yopmail.com,Tiffie.Egbert@gmail.com,doctor
627,Jorry,Friede,Jorry.Friede@yopmail.com,Jorry.Friede@gmail.com,worker
628,Quintina,Stefa,Quintina.Stefa@yopmail.com,Quintina.Stefa@gmail.com,doctor
629,Celisse,Cornelia,Celisse.Cornelia@yopmail.com,Celisse.Cornelia@gmail.com,developer
630,Mignon,Wenda,Mignon.Wenda@yopmail.com,Mignon.Wenda@gmail.com,police officer
631,Ivett,Euridice,Ivett.Euridice@yopmail.com,Ivett.Euridice@gmail.com,firefighter
632,Elvira,Lacombe,Elvira.Lacombe@yopmail.com,Elvira.Lacombe@gmail.com,worker
633,Steffane,Millda,Steffane.Millda@yopmail.com,Steffane.Millda@gmail.com,firefighter
634,Cherilyn,Darrell,Cherilyn.Darrell@yopmail.com,Cherilyn.Darrell@gmail.com,firefighter
635,Ardys,Rad,Ardys.Rad@yopmail.com,Ardys.Rad@gmail.com,worker
636,Candy,Diogenes,Candy.Diogenes@yopmail.com,Candy.Diogenes@gmail.com,doctor
637,Blinni,Franza,Blinni.Franza@yopmail.com,Blinni.Franza@gmail.com,firefighter
638,Ardeen,Georgy,Ardeen.Georgy@yopmail.com,Ardeen.Georgy@gmail.com,police officer
639,Agathe,Olnee,Agathe.Olnee@yopmail.com,Agathe.Olnee@gmail.com,worker
640,Jemie,Yuille,Jemie.Yuille@yopmail.com,Jemie.Yuille@gmail.com,firefighter
641,Elena,Stav,Elena.Stav@yopmail.com,Elena.Stav@gmail.com,doctor
642,Brena,Carvey,Brena.Carvey@yopmail.com,Brena.Carvey@gmail.com,worker
643,Winifred,Skurnik,Winifred.Skurnik@yopmail.com,Winifred.Skurnik@gmail.com,developer
644,Farrah,Gordon,Farrah.Gordon@yopmail.com,Farrah.Gordon@gmail.com,firefighter
645,Brana,Willie,Brana.Willie@yopmail.com,Brana.Willie@gmail.com,developer
646,Jere,Fairweather,Jere.Fairweather@yopmail.com,Jere.Fairweather@gmail.com,doctor
647,Ariela,Angelis,Ariela.Angelis@yopmail.com,Ariela.Angelis@gmail.com,worker
648,Kayla,Merna,Kayla.Merna@yopmail.com,Kayla.Merna@gmail.com,worker
649,Vevay,Kenney,Vevay.Kenney@yopmail.com,Vevay.Kenney@gmail.com,doctor
650,Livvyy,Mathilde,Livvyy.Mathilde@yopmail.com,Livvyy.Mathilde@gmail.com,police officer
651,Dawn,Lacombe,Dawn.Lacombe@yopmail.com,Dawn.Lacombe@gmail.com,developer
652,Laurene,Albertine,Laurene.Albertine@yopmail.com,Laurene.Albertine@gmail.com,developer
653,Hallie,Pelagias,Hallie.Pelagias@yopmail.com,Hallie.Pelagias@gmail.com,doctor
654,Brooks,Elbertina,Brooks.Elbertina@yopmail.com,Brooks.Elbertina@gmail.com,worker
655,Lorne,Poll,Lorne.Poll@yopmail.com,Lorne.Poll@gmail.com,developer
656,Janey,Sheng,Janey.Sheng@yopmail.com,Janey.Sheng@gmail.com,worker
657,Patricia,Briney,Patricia.Briney@yopmail.com,Patricia.Briney@gmail.com,police officer
658,Vinita,Dominy,Vinita.Dominy@yopmail.com,Vinita.Dominy@gmail.com,police officer
659,Christal,Saint,Christal.Saint@yopmail.com,Christal.Saint@gmail.com,firefighter
660,Katuscha,Auberbach,Katuscha.Auberbach@yopmail.com,Katuscha.Auberbach@gmail.com,doctor
661,Barbara,Longfellow,Barbara.Longfellow@yopmail.com,Barbara.Longfellow@gmail.com,doctor
662,Raina,Hathaway,Raina.Hathaway@yopmail.com,Raina.Hathaway@gmail.com,developer
663,Corina,Etom,Corina.Etom@yopmail.com,Corina.Etom@gmail.com,doctor
664,Adore,Hathaway,Adore.Hathaway@yopmail.com,Adore.Hathaway@gmail.com,developer
665,Kate,Saunderson,Kate.Saunderson@yopmail.com,Kate.Saunderson@gmail.com,police officer
666,Heida,Kazimir,Heida.Kazimir@yopmail.com,Heida.Kazimir@gmail.com,doctor
667,Lanna,Wu,Lanna.Wu@yopmail.com,Lanna.Wu@gmail.com,developer
668,Marnia,Ellord,Marnia.Ellord@yopmail.com,Marnia.Ellord@gmail.com,firefighter
669,Kary,Graig,Kary.Graig@yopmail.com,Kary.Graig@gmail.com,doctor
670,Kimmy,Pyle,Kimmy.Pyle@yopmail.com,Kimmy.Pyle@gmail.com,worker
671,June,Gale,June.Gale@yopmail.com,June.Gale@gmail.com,doctor
672,Wanda,Westphal,Wanda.Westphal@yopmail.com,Wanda.Westphal@gmail.com,worker
673,Yvonne,Rogerio,Yvonne.Rogerio@yopmail.com,Yvonne.Rogerio@gmail.com,doctor
674,Emelina,Zamora,Emelina.Zamora@yopmail.com,Emelina.Zamora@gmail.com,developer
675,Alex,Rooney,Alex.Rooney@yopmail.com,Alex.Rooney@gmail.com,firefighter
676,Louella,Liebermann,Louella.Liebermann@yopmail.com,Louella.Liebermann@gmail.com,worker
677,Cathie,Jeanne,Cathie.Jeanne@yopmail.com,Cathie.Jeanne@gmail.com,police officer
678,Lusa,Schlosser,Lusa.Schlosser@yopmail.com,Lusa.Schlosser@gmail.com,police officer
679,Corina,Concha,Corina.Concha@yopmail.com,Corina.Concha@gmail.com,developer
680,Frances,Sibyls,Frances.Sibyls@yopmail.com,Frances.Sibyls@gmail.com,firefighter
681,Odessa,Emerson,Odessa.Emerson@yopmail.com,Odessa.Emerson@gmail.com,firefighter
682,Cissiee,Sinegold,Cissiee.Sinegold@yopmail.com,Cissiee.Sinegold@gmail.com,firefighter
683,Blinni,Terencio,Blinni.Terencio@yopmail.com,Blinni.Terencio@gmail.com,developer
684,Maisey,Suanne,Maisey.Suanne@yopmail.com,Maisey.Suanne@gmail.com,worker
685,Cristine,Heidt,Cristine.Heidt@yopmail.com,Cristine.Heidt@gmail.com,police officer
686,Addia,Rossner,Addia.Rossner@yopmail.com,Addia.Rossner@gmail.com,police officer
687,Rayna,Jillane,Rayna.Jillane@yopmail.com,Rayna.Jillane@gmail.com,police officer
688,Cordi,Orpah,Cordi.Orpah@yopmail.com,Cordi.Orpah@gmail.com,worker
689,Keelia,Howlyn,Keelia.Howlyn@yopmail.com,Keelia.Howlyn@gmail.com,doctor
690,Bernardine,Diann,Bernardine.Diann@yopmail.com,Bernardine.Diann@gmail.com,developer
691,Modestia,Hepsibah,Modestia.Hepsibah@yopmail.com,Modestia.Hepsibah@gmail.com,developer
692,Blinni,Gamaliel,Blinni.Gamaliel@yopmail.com,Blinni.Gamaliel@gmail.com,firefighter
693,Joleen,Saint,Joleen.Saint@yopmail.com,Joleen.Saint@gmail.com,worker
694,Stephanie,Kamaria,Stephanie.Kamaria@yopmail.com,Stephanie.Kamaria@gmail.com,developer
695,Philis,Bollay,Philis.Bollay@yopmail.com,Philis.Bollay@gmail.com,developer
696,Alyssa,Erminia,Alyssa.Erminia@yopmail.com,Alyssa.Erminia@gmail.com,worker
697,Maurene,Khorma,Maurene.Khorma@yopmail.com,Maurene.Khorma@gmail.com,doctor
698,Phylis,Yorick,Phylis.Yorick@yopmail.com,Phylis.Yorick@gmail.com,police officer
699,Sandie,Aurelio,Sandie.Aurelio@yopmail.com,Sandie.Aurelio@gmail.com,developer
700,Caressa,Morehouse,Caressa.Morehouse@yopmail.com,Caressa.Morehouse@gmail.com,firefighter
701,Letizia,Bach,Letizia.Bach@yopmail.com,Letizia.Bach@gmail.com,police officer
702,Magdalena,Khorma,Magdalena.Khorma@yopmail.com,Magdalena.Khorma@gmail.com,worker
703,Lorne,Gaynor,Lorne.Gaynor@yopmail.com,Lorne.Gaynor@gmail.com,doctor
704,Ada,Berriman,Ada.Berriman@yopmail.com,Ada.Berriman@gmail.com,firefighter
705,Fayre,Leifeste,Fayre.Leifeste@yopmail.com,Fayre.Leifeste@gmail.com,doctor
706,Jemie,Sheedy,Jemie.Sheedy@yopmail.com,Jemie.Sheedy@gmail.com,firefighter
707,Myrtice,Lowry,Myrtice.Lowry@yopmail.com,Myrtice.Lowry@gmail.com,worker
708,Amalie,Karylin,Amalie.Karylin@yopmail.com,Amalie.Karylin@gmail.com,doctor
709,Patricia,Blase,Patricia.Blase@yopmail.com,Patricia.Blase@gmail.com,police officer
710,Leontine,Dyche,Leontine.Dyche@yopmail.com,Leontine.Dyche@gmail.com,police officer
711,Devina,Longfellow,Devina.Longfellow@yopmail.com,Devina.Longfellow@gmail.com,doctor
712,Melanie,Therine,Melanie.Therine@yopmail.com,Melanie.Therine@gmail.com,developer
713,Anestassia,Charity,Anestassia.Charity@yopmail.com,Anestassia.Charity@gmail.com,developer
714,Meriel,Jobi,Meriel.Jobi@yopmail.com,Meriel.Jobi@gmail.com,firefighter
715,Kellen,Infield,Kellen.Infield@yopmail.com,Kellen.Infield@gmail.com,firefighter
716,Sarette,Gilbertson,Sarette.Gilbertson@yopmail.com,Sarette.Gilbertson@gmail.com,police officer
717,Jessamyn,Ortrude,Jessamyn.Ortrude@yopmail.com,Jessamyn.Ortrude@gmail.com,developer
718,Edith,Garlinda,Edith.Garlinda@yopmail.com,Edith.Garlinda@gmail.com,firefighter
719,Genevra,Melony,Genevra.Melony@yopmail.com,Genevra.Melony@gmail.com,firefighter
720,Sherrie,Jena,Sherrie.Jena@yopmail.com,Sherrie.Jena@gmail.com,developer
721,Marline,Tound,Marline.Tound@yopmail.com,Marline.Tound@gmail.com,doctor
722,Aigneis,Seligman,Aigneis.Seligman@yopmail.com,Aigneis.Seligman@gmail.com,firefighter
723,Nariko,Euridice,Nariko.Euridice@yopmail.com,Nariko.Euridice@gmail.com,doctor
724,Carly,Swigart,Carly.Swigart@yopmail.com,Carly.Swigart@gmail.com,firefighter
725,Dotty,Vastah,Dotty.Vastah@yopmail.com,Dotty.Vastah@gmail.com,doctor
726,Theodora,Fosque,Theodora.Fosque@yopmail.com,Theodora.Fosque@gmail.com,developer
727,Aubrie,Cristi,Aubrie.Cristi@yopmail.com,Aubrie.Cristi@gmail.com,firefighter
728,Riannon,Nerita,Riannon.Nerita@yopmail.com,Riannon.Nerita@gmail.com,firefighter
729,Kara-Lynn,Oscar,Kara-Lynn.Oscar@yopmail.com,Kara-Lynn.Oscar@gmail.com,doctor
730,Lindie,Jeanne,Lindie.Jeanne@yopmail.com,Lindie.Jeanne@gmail.com,firefighter
731,Celisse,Stilwell,Celisse.Stilwell@yopmail.com,Celisse.Stilwell@gmail.com,developer
732,Riannon,Hepsibah,Riannon.Hepsibah@yopmail.com,Riannon.Hepsibah@gmail.com,worker
733,Leontine,Demitria,Leontine.Demitria@yopmail.com,Leontine.Demitria@gmail.com,doctor
734,Iseabal,Arley,Iseabal.Arley@yopmail.com,Iseabal.Arley@gmail.com,worker
735,Oralee,Faro,Oralee.Faro@yopmail.com,Oralee.Faro@gmail.com,doctor
736,Althea,Telfer,Althea.Telfer@yopmail.com,Althea.Telfer@gmail.com,firefighter
737,Reeba,Fillbert,Reeba.Fillbert@yopmail.com,Reeba.Fillbert@gmail.com,police officer
738,Joy,Genna,Joy.Genna@yopmail.com,Joy.Genna@gmail.com,doctor
739,Talya,Serilda,Talya.Serilda@yopmail.com,Talya.Serilda@gmail.com,police officer
740,Camile,Pulsifer,Camile.Pulsifer@yopmail.com,Camile.Pulsifer@gmail.com,police officer
741,Myrtice,Jillane,Myrtice.Jillane@yopmail.com,Myrtice.Jillane@gmail.com,police officer
742,Merle,Engdahl,Merle.Engdahl@yopmail.com,Merle.Engdahl@gmail.com,firefighter
743,Debee,O'Rourke,Debee.O'Rourke@yopmail.com,Debee.O'Rourke@gmail.com,developer
744,Andree,Publia,Andree.Publia@yopmail.com,Andree.Publia@gmail.com,worker
745,Dari,Fillbert,Dari.Fillbert@yopmail.com,Dari.Fillbert@gmail.com,firefighter
746,Pollyanna,Carleen,Pollyanna.Carleen@yopmail.com,Pollyanna.Carleen@gmail.com,worker
747,Kittie,Milde,Kittie.Milde@yopmail.com,Kittie.Milde@gmail.com,doctor
748,Genovera,Janith,Genovera.Janith@yopmail.com,Genovera.Janith@gmail.com,worker
749,Mary,Norvol,Mary.Norvol@yopmail.com,Mary.Norvol@gmail.com,police officer
750,Sybille,Sammons,Sybille.Sammons@yopmail.com,Sybille.Sammons@gmail.com,doctor
751,Barbara,Nore,Barbara.Nore@yopmail.com,Barbara.Nore@gmail.com,developer
752,Myriam,Yuille,Myriam.Yuille@yopmail.com,Myriam.Yuille@gmail.com,firefighter
753,Mamie,Elephus,Mamie.Elephus@yopmail.com,Mamie.Elephus@gmail.com,worker
754,Merry,Marcellus,Merry.Marcellus@yopmail.com,Merry.Marcellus@gmail.com,worker
755,Priscilla,Faso,Priscilla.Faso@yopmail.com,Priscilla.Faso@gmail.com,police officer
756,Demetris,Ogren,Demetris.Ogren@yopmail.com,Demetris.Ogren@gmail.com,police officer
757,Eolanda,Emerson,Eolanda.Emerson@yopmail.com,Eolanda.Emerson@gmail.com,worker
758,Rhoda,Jethro,Rhoda.Jethro@yopmail.com,Rhoda.Jethro@gmail.com,doctor
759,Latisha,Leonard,Latisha.Leonard@yopmail.com,Latisha.Leonard@gmail.com,doctor
760,Mellicent,Helve,Mellicent.Helve@yopmail.com,Mellicent.Helve@gmail.com,firefighter
761,Rhoda,Bollay,Rhoda.Bollay@yopmail.com,Rhoda.Bollay@gmail.com,police officer
762,Alisha,Riordan,Alisha.Riordan@yopmail.com,Alisha.Riordan@gmail.com,developer
763,Fred,Joeann,Fred.Joeann@yopmail.com,Fred.Joeann@gmail.com,worker
764,Harmonia,Wilona,Harmonia.Wilona@yopmail.com,Harmonia.Wilona@gmail.com,firefighter
765,Loree,Gusella,Loree.Gusella@yopmail.com,Loree.Gusella@gmail.com,firefighter
766,Amii,Lory,Amii.Lory@yopmail.com,Amii.Lory@gmail.com,doctor
767,Amii,Iaverne,Amii.Iaverne@yopmail.com,Amii.Iaverne@gmail.com,doctor
768,Bertine,Malvino,Bertine.Malvino@yopmail.com,Bertine.Malvino@gmail.com,firefighter
769,Estell,Marcellus,Estell.Marcellus@yopmail.com,Estell.Marcellus@gmail.com,doctor
770,Randa,Sidonius,Randa.Sidonius@yopmail.com,Randa.Sidonius@gmail.com,worker
771,Kaja,Kunin,Kaja.Kunin@yopmail.com,Kaja.Kunin@gmail.com,police officer
772,Sissy,Bivins,Sissy.Bivins@yopmail.com,Sissy.Bivins@gmail.com,developer
773,Merry,Carbo,Merry.Carbo@yopmail.com,Merry.Carbo@gmail.com,worker
774,Lelah,Jotham,Lelah.Jotham@yopmail.com,Lelah.Jotham@gmail.com,police officer
775,Larine,Abram,Larine.Abram@yopmail.com,Larine.Abram@gmail.com,firefighter
776,Hayley,Dulciana,Hayley.Dulciana@yopmail.com,Hayley.Dulciana@gmail.com,police officer
777,Kirbee,Carolin,Kirbee.Carolin@yopmail.com,Kirbee.Carolin@gmail.com,developer
778,Cyb,Poll,Cyb.Poll@yopmail.com,Cyb.Poll@gmail.com,worker
779,Melisent,Gombach,Melisent.Gombach@yopmail.com,Melisent.Gombach@gmail.com,developer
780,Nyssa,Delp,Nyssa.Delp@yopmail.com,Nyssa.Delp@gmail.com,developer
781,Elsie,Urania,Elsie.Urania@yopmail.com,Elsie.Urania@gmail.com,developer
782,Candi,Sabella,Candi.Sabella@yopmail.com,Candi.Sabella@gmail.com,developer
783,Noelle,Daegal,Noelle.Daegal@yopmail.com,Noelle.Daegal@gmail.com,worker
784,Shaine,Claudine,Shaine.Claudine@yopmail.com,Shaine.Claudine@gmail.com,doctor
785,Brena,Georas,Brena.Georas@yopmail.com,Brena.Georas@gmail.com,developer
786,Ricky,Herrera,Ricky.Herrera@yopmail.com,Ricky.Herrera@gmail.com,police officer
787,Lory,Vorster,Lory.Vorster@yopmail.com,Lory.Vorster@gmail.com,firefighter
788,Candi,Kat,Candi.Kat@yopmail.com,Candi.Kat@gmail.com,firefighter
789,Dorice,Garrison,Dorice.Garrison@yopmail.com,Dorice.Garrison@gmail.com,worker
790,Valeda,Joachim,Valeda.Joachim@yopmail.com,Valeda.Joachim@gmail.com,doctor
791,Charissa,Zuzana,Charissa.Zuzana@yopmail.com,Charissa.Zuzana@gmail.com,developer
792,Heida,Killigrew,Heida.Killigrew@yopmail.com,Heida.Killigrew@gmail.com,worker
793,Feliza,Candy,Feliza.Candy@yopmail.com,Feliza.Candy@gmail.com,doctor
794,Nessie,Fulmer,Nessie.Fulmer@yopmail.com,Nessie.Fulmer@gmail.com,police officer
795,Joelly,Schroth,Joelly.Schroth@yopmail.com,Joelly.Schroth@gmail.com,police officer
796,Libbie,Daegal,Libbie.Daegal@yopmail.com,Libbie.Daegal@gmail.com,police officer
797,Lyssa,Gregrory,Lyssa.Gregrory@yopmail.com,Lyssa.Gregrory@gmail.com,developer
798,Modestia,Daniele,Modestia.Daniele@yopmail.com,Modestia.Daniele@gmail.com,doctor
799,Rubie,Donell,Rubie.Donell@yopmail.com,Rubie.Donell@gmail.com,firefighter
800,Ursulina,Dermott,Ursulina.Dermott@yopmail.com,Ursulina.Dermott@gmail.com,worker
801,Deloria,Desai,Deloria.Desai@yopmail.com,Deloria.Desai@gmail.com,firefighter
802,Tonia,Clywd,Tonia.Clywd@yopmail.com,Tonia.Clywd@gmail.com,worker
803,Veda,Birdella,Veda.Birdella@yopmail.com,Veda.Birdella@gmail.com,police officer
804,Carmencita,Urania,Carmencita.Urania@yopmail.com,Carmencita.Urania@gmail.com,developer
805,Misha,Uund,Misha.Uund@yopmail.com,Misha.Uund@gmail.com,worker
806,Kirbee,Hortensia,Kirbee.Hortensia@yopmail.com,Kirbee.Hortensia@gmail.com,doctor
807,Hollie,Syd,Hollie.Syd@yopmail.com,Hollie.Syd@gmail.com,police officer
808,Trixi,O'Neill,Trixi.O'Neill@yopmail.com,Trixi.O'Neill@gmail.com,firefighter
809,Ninnetta,Leopold,Ninnetta.Leopold@yopmail.com,Ninnetta.Leopold@gmail.com,firefighter
810,Zaria,Kannry,Zaria.Kannry@yopmail.com,Zaria.Kannry@gmail.com,police officer
811,Bernardine,Zamora,Bernardine.Zamora@yopmail.com,Bernardine.Zamora@gmail.com,developer
812,Correy,Colbert,Correy.Colbert@yopmail.com,Correy.Colbert@gmail.com,doctor
813,Maryellen,Giule,Maryellen.Giule@yopmail.com,Maryellen.Giule@gmail.com,doctor
814,Sallie,Zitvaa,Sallie.Zitvaa@yopmail.com,Sallie.Zitvaa@gmail.com,worker
815,Dorthy,Velick,Dorthy.Velick@yopmail.com,Dorthy.Velick@gmail.com,doctor
816,Alia,Kylander,Alia.Kylander@yopmail.com,Alia.Kylander@gmail.com,worker
817,Ida,Cordi,Ida.Cordi@yopmail.com,Ida.Cordi@gmail.com,police officer
818,Emylee,Margarete,Emylee.Margarete@yopmail.com,Emylee.Margarete@gmail.com,doctor
819,Kirbee,Schroth,Kirbee.Schroth@yopmail.com,Kirbee.Schroth@gmail.com,firefighter
820,Carolina,Emerson,Carolina.Emerson@yopmail.com,Carolina.Emerson@gmail.com,worker
821,Michaelina,Peti,Michaelina.Peti@yopmail.com,Michaelina.Peti@gmail.com,firefighter
822,Ardys,Erb,Ardys.Erb@yopmail.com,Ardys.Erb@gmail.com,firefighter
823,Kate,Arne,Kate.Arne@yopmail.com,Kate.Arne@gmail.com,doctor
824,Roberta,Grosz,Roberta.Grosz@yopmail.com,Roberta.Grosz@gmail.com,doctor
825,Jacquetta,Han,Jacquetta.Han@yopmail.com,Jacquetta.Han@gmail.com,developer
826,Elka,Raseda,Elka.Raseda@yopmail.com,Elka.Raseda@gmail.com,doctor
827,Tatiania,Voletta,Tatiania.Voletta@yopmail.com,Tatiania.Voletta@gmail.com,firefighter
828,Marcy,Reidar,Marcy.Reidar@yopmail.com,Marcy.Reidar@gmail.com,developer
829,Lenna,Bergman,Lenna.Bergman@yopmail.com,Lenna.Bergman@gmail.com,worker
830,Morganica,Soneson,Morganica.Soneson@yopmail.com,Morganica.Soneson@gmail.com,worker
831,Ira,Faro,Ira.Faro@yopmail.com,Ira.Faro@gmail.com,worker
832,Wilma,Diogenes,Wilma.Diogenes@yopmail.com,Wilma.Diogenes@gmail.com,firefighter
833,Korrie,Constancy,Korrie.Constancy@yopmail.com,Korrie.Constancy@gmail.com,worker
834,Kelly,Minetta,Kelly.Minetta@yopmail.com,Kelly.Minetta@gmail.com,firefighter
835,Dari,Honoria,Dari.Honoria@yopmail.com,Dari.Honoria@gmail.com,firefighter
836,Jerry,Stanwood,Jerry.Stanwood@yopmail.com,Jerry.Stanwood@gmail.com,firefighter
837,Aryn,Alva,Aryn.Alva@yopmail.com,Aryn.Alva@gmail.com,worker
838,Mallory,Robertson,Mallory.Robertson@yopmail.com,Mallory.Robertson@gmail.com,police officer
839,Max,Bevin,Max.Bevin@yopmail.com,Max.Bevin@gmail.com,worker
840,Calla,Felizio,Calla.Felizio@yopmail.com,Calla.Felizio@gmail.com,doctor
841,Berget,Kaja,Berget.Kaja@yopmail.com,Berget.Kaja@gmail.com,police officer
842,Aimil,Linehan,Aimil.Linehan@yopmail.com,Aimil.Linehan@gmail.com,police officer
843,Agnese,Goth,Agnese.Goth@yopmail.com,Agnese.Goth@gmail.com,police officer
844,Tabbatha,Shaver,Tabbatha.Shaver@yopmail.com,Tabbatha.Shaver@gmail.com,doctor
845,Violet,Diogenes,Violet.Diogenes@yopmail.com,Violet.Diogenes@gmail.com,firefighter
846,Quintina,Karna,Quintina.Karna@yopmail.com,Quintina.Karna@gmail.com,developer
847,Ellette,Cloris,Ellette.Cloris@yopmail.com,Ellette.Cloris@gmail.com,worker
848,Lorne,Kolnick,Lorne.Kolnick@yopmail.com,Lorne.Kolnick@gmail.com,worker
849,Kassey,Gillan,Kassey.Gillan@yopmail.com,Kassey.Gillan@gmail.com,firefighter
850,Siana,Lattie,Siana.Lattie@yopmail.com,Siana.Lattie@gmail.com,worker
851,Valli,Primalia,Valli.Primalia@yopmail.com,Valli.Primalia@gmail.com,worker
852,Ernesta,Goldina,Ernesta.Goldina@yopmail.com,Ernesta.Goldina@gmail.com,police officer
853,Vinita,Garek,Vinita.Garek@yopmail.com,Vinita.Garek@gmail.com,firefighter
854,Regina,Durante,Regina.Durante@yopmail.com,Regina.Durante@gmail.com,worker
855,Katuscha,Koziara,Katuscha.Koziara@yopmail.com,Katuscha.Koziara@gmail.com,worker
856,Kristina,Ailyn,Kristina.Ailyn@yopmail.com,Kristina.Ailyn@gmail.com,worker
857,Linet,Parette,Linet.Parette@yopmail.com,Linet.Parette@gmail.com,doctor
858,Melisent,Rolf,Melisent.Rolf@yopmail.com,Melisent.Rolf@gmail.com,firefighter
859,Gusty,Jethro,Gusty.Jethro@yopmail.com,Gusty.Jethro@gmail.com,worker
860,Gertrud,Meter,Gertrud.Meter@yopmail.com,Gertrud.Meter@gmail.com,developer
861,Paule,Birdella,Paule.Birdella@yopmail.com,Paule.Birdella@gmail.com,firefighter
862,Barbi,Ochs,Barbi.Ochs@yopmail.com,Barbi.Ochs@gmail.com,police officer
863,Hollie,Anderea,Hollie.Anderea@yopmail.com,Hollie.Anderea@gmail.com,firefighter
864,Adriana,Ellerey,Adriana.Ellerey@yopmail.com,Adriana.Ellerey@gmail.com,firefighter
865,Wynne,Oriana,Wynne.Oriana@yopmail.com,Wynne.Oriana@gmail.com,doctor
866,Dorothy,Blisse,Dorothy.Blisse@yopmail.com,Dorothy.Blisse@gmail.com,worker
867,Dawn,Terencio,Dawn.Terencio@yopmail.com,Dawn.Terencio@gmail.com,firefighter
868,Elora,Bevin,Elora.Bevin@yopmail.com,Elora.Bevin@gmail.com,developer
869,Tina,Sisile,Tina.Sisile@yopmail.com,Tina.Sisile@gmail.com,firefighter
870,Jerry,Halsey,Jerry.Halsey@yopmail.com,Jerry.Halsey@gmail.com,doctor
871,Grier,Helve,Grier.Helve@yopmail.com,Grier.Helve@gmail.com,police officer
872,Jenda,Flyn,Jenda.Flyn@yopmail.com,Jenda.Flyn@gmail.com,developer
873,Coral,Anastatius,Coral.Anastatius@yopmail.com,Coral.Anastatius@gmail.com,police officer
874,Elena,Raychel,Elena.Raychel@yopmail.com,Elena.Raychel@gmail.com,firefighter
875,Mamie,Salvidor,Mamie.Salvidor@yopmail.com,Mamie.Salvidor@gmail.com,firefighter
876,Lucy,Arquit,Lucy.Arquit@yopmail.com,Lucy.Arquit@gmail.com,firefighter
877,Agnese,Fosque,Agnese.Fosque@yopmail.com,Agnese.Fosque@gmail.com,doctor
878,Trixi,Jerald,Trixi.Jerald@yopmail.com,Trixi.Jerald@gmail.com,police officer
879,Chrystel,Hanshaw,Chrystel.Hanshaw@yopmail.com,Chrystel.Hanshaw@gmail.com,developer
880,Alejandra,Si,Alejandra.Si@yopmail.com,Alejandra.Si@gmail.com,police officer
881,Gerianna,Kalinda,Gerianna.Kalinda@yopmail.com,Gerianna.Kalinda@gmail.com,firefighter
882,Jasmina,Ogren,Jasmina.Ogren@yopmail.com,Jasmina.Ogren@gmail.com,worker
883,Tobe,Paton,Tobe.Paton@yopmail.com,Tobe.Paton@gmail.com,doctor
884,Britte,Lea,Britte.Lea@yopmail.com,Britte.Lea@gmail.com,developer
885,Constance,Matthew,Constance.Matthew@yopmail.com,Constance.Matthew@gmail.com,doctor
886,Sharlene,Bluh,Sharlene.Bluh@yopmail.com,Sharlene.Bluh@gmail.com,developer
887,Binny,Etom,Binny.Etom@yopmail.com,Binny.Etom@gmail.com,police officer
888,Delilah,Ellerey,Delilah.Ellerey@yopmail.com,Delilah.Ellerey@gmail.com,doctor
889,Kristan,Sigfrid,Kristan.Sigfrid@yopmail.com,Kristan.Sigfrid@gmail.com,developer
890,Mellicent,Peg,Mellicent.Peg@yopmail.com,Mellicent.Peg@gmail.com,doctor
891,Mignon,Brandice,Mignon.Brandice@yopmail.com,Mignon.Brandice@gmail.com,developer
892,Ivett,Auberbach,Ivett.Auberbach@yopmail.com,Ivett.Auberbach@gmail.com,developer
893,Abbie,Thomasina,Abbie.Thomasina@yopmail.com,Abbie.Thomasina@gmail.com,developer
894,Constance,Carmena,Constance.Carmena@yopmail.com,Constance.Carmena@gmail.com,firefighter
895,Penelopa,Carri,Penelopa.Carri@yopmail.com,Penelopa.Carri@gmail.com,doctor
896,Elie,Strephon,Elie.Strephon@yopmail.com,Elie.Strephon@gmail.com,worker
897,Dania,Valoniah,Dania.Valoniah@yopmail.com,Dania.Valoniah@gmail.com,firefighter
898,Brietta,Wyn,Brietta.Wyn@yopmail.com,Brietta.Wyn@gmail.com,doctor
899,Netty,Loring,Netty.Loring@yopmail.com,Netty.Loring@gmail.com,police officer
900,Jenilee,Whittaker,Jenilee.Whittaker@yopmail.com,Jenilee.Whittaker@gmail.com,police officer
901,Meriel,Kat,Meriel.Kat@yopmail.com,Meriel.Kat@gmail.com,developer
902,Merci,Fadiman,Merci.Fadiman@yopmail.com,Merci.Fadiman@gmail.com,police officer
903,Kathy,Uird,Kathy.Uird@yopmail.com,Kathy.Uird@gmail.com,worker
904,Pollyanna,Federica,Pollyanna.Federica@yopmail.com,Pollyanna.Federica@gmail.com,firefighter
905,Fayre,Gualtiero,Fayre.Gualtiero@yopmail.com,Fayre.Gualtiero@gmail.com,firefighter
906,Nollie,Anderea,Nollie.Anderea@yopmail.com,Nollie.Anderea@gmail.com,firefighter
907,Rosabelle,Pozzy,Rosabelle.Pozzy@yopmail.com,Rosabelle.Pozzy@gmail.com,worker
908,Winny,Dahlia,Winny.Dahlia@yopmail.com,Winny.Dahlia@gmail.com,firefighter
909,Madeleine,Thar,Madeleine.Thar@yopmail.com,Madeleine.Thar@gmail.com,developer
910,Molli,Philipp,Molli.Philipp@yopmail.com,Molli.Philipp@gmail.com,developer
911,Jan,Brackely,Jan.Brackely@yopmail.com,Jan.Brackely@gmail.com,doctor
912,Carilyn,Verger,Carilyn.Verger@yopmail.com,Carilyn.Verger@gmail.com,firefighter
913,Sharlene,Annabella,Sharlene.Annabella@yopmail.com,Sharlene.Annabella@gmail.com,worker
914,Sean,Jammal,Sean.Jammal@yopmail.com,Sean.Jammal@gmail.com,police officer
915,Oralee,Breed,Oralee.Breed@yopmail.com,Oralee.Breed@gmail.com,police officer
916,Monika,Wesle,Monika.Wesle@yopmail.com,Monika.Wesle@gmail.com,worker
917,Carly,Federica,Carly.Federica@yopmail.com,Carly.Federica@gmail.com,doctor
918,Alia,Heisel,Alia.Heisel@yopmail.com,Alia.Heisel@gmail.com,doctor
919,Jennica,Kirbee,Jennica.Kirbee@yopmail.com,Jennica.Kirbee@gmail.com,firefighter
920,Flory,Tillford,Flory.Tillford@yopmail.com,Flory.Tillford@gmail.com,police officer
921,Christal,Bow,Christal.Bow@yopmail.com,Christal.Bow@gmail.com,police officer
922,Dacia,Ramona,Dacia.Ramona@yopmail.com,Dacia.Ramona@gmail.com,firefighter
923,Ardenia,Aurelio,Ardenia.Aurelio@yopmail.com,Ardenia.Aurelio@gmail.com,developer
924,Lyssa,Cloris,Lyssa.Cloris@yopmail.com,Lyssa.Cloris@gmail.com,worker
925,Ebonee,Dom,Ebonee.Dom@yopmail.com,Ebonee.Dom@gmail.com,doctor
926,Zsa Zsa,Faro,Zsa Zsa.Faro@yopmail.com,Zsa Zsa.Faro@gmail.com,firefighter
927,Tonia,Bach,Tonia.Bach@yopmail.com,Tonia.Bach@gmail.com,doctor
928,Michaelina,Tippets,Michaelina.Tippets@yopmail.com,Michaelina.Tippets@gmail.com,developer
929,Maud,Margarete,Maud.Margarete@yopmail.com,Maud.Margarete@gmail.com,worker
930,Gusty,Granoff,Gusty.Granoff@yopmail.com,Gusty.Granoff@gmail.com,worker
931,Minda,Mehalek,Minda.Mehalek@yopmail.com,Minda.Mehalek@gmail.com,police officer
932,Cassondra,Ellord,Cassondra.Ellord@yopmail.com,Cassondra.Ellord@gmail.com,police officer
933,Lisette,Merell,Lisette.Merell@yopmail.com,Lisette.Merell@gmail.com,worker
934,Agnese,Kenney,Agnese.Kenney@yopmail.com,Agnese.Kenney@gmail.com,firefighter
935,Bernie,Uird,Bernie.Uird@yopmail.com,Bernie.Uird@gmail.com,doctor
936,Lila,Trace,Lila.Trace@yopmail.com,Lila.Trace@gmail.com,police officer
937,Orelia,Kirbee,Orelia.Kirbee@yopmail.com,Orelia.Kirbee@gmail.com,doctor
938,Rosaline,Paine,Rosaline.Paine@yopmail.com,Rosaline.Paine@gmail.com,developer
939,Brana,Truc,Brana.Truc@yopmail.com,Brana.Truc@gmail.com,worker
940,Joelly,Bari,Joelly.Bari@yopmail.com,Joelly.Bari@gmail.com,worker
941,Gui,Raseda,Gui.Raseda@yopmail.com,Gui.Raseda@gmail.com,firefighter
942,Romona,Jenness,Romona.Jenness@yopmail.com,Romona.Jenness@gmail.com,developer
943,Katuscha,Noelyn,Katuscha.Noelyn@yopmail.com,Katuscha.Noelyn@gmail.com,police officer
944,Ardys,Wildermuth,Ardys.Wildermuth@yopmail.com,Ardys.Wildermuth@gmail.com,worker
945,Violet,Lilybelle,Violet.Lilybelle@yopmail.com,Violet.Lilybelle@gmail.com,police officer
946,Josephine,Klotz,Josephine.Klotz@yopmail.com,Josephine.Klotz@gmail.com,police officer
947,Danny,Kalinda,Danny.Kalinda@yopmail.com,Danny.Kalinda@gmail.com,worker
948,Alleen,Anyah,Alleen.Anyah@yopmail.com,Alleen.Anyah@gmail.com,worker
949,Frieda,Atcliffe,Frieda.Atcliffe@yopmail.com,Frieda.Atcliffe@gmail.com,developer
950,Marsiella,Yusuk,Marsiella.Yusuk@yopmail.com,Marsiella.Yusuk@gmail.com,doctor
951,Kellen,Clara,Kellen.Clara@yopmail.com,Kellen.Clara@gmail.com,police officer
952,Emelina,Drisko,Emelina.Drisko@yopmail.com,Emelina.Drisko@gmail.com,doctor
953,Laure,Brunell,Laure.Brunell@yopmail.com,Laure.Brunell@gmail.com,police officer
954,Orelia,Ammann,Orelia.Ammann@yopmail.com,Orelia.Ammann@gmail.com,police officer
955,Abbie,Marcellus,Abbie.Marcellus@yopmail.com,Abbie.Marcellus@gmail.com,worker
956,Vere,Madaih,Vere.Madaih@yopmail.com,Vere.Madaih@gmail.com,doctor
957,Eve,Emanuel,Eve.Emanuel@yopmail.com,Eve.Emanuel@gmail.com,doctor
958,Nicoli,Robertson,Nicoli.Robertson@yopmail.com,Nicoli.Robertson@gmail.com,developer
959,Chickie,Annabella,Chickie.Annabella@yopmail.com,Chickie.Annabella@gmail.com,worker
960,Daune,Hamil,Daune.Hamil@yopmail.com,Daune.Hamil@gmail.com,police officer
961,Kore,Kamaria,Kore.Kamaria@yopmail.com,Kore.Kamaria@gmail.com,developer
962,Modestia,Allina,Modestia.Allina@yopmail.com,Modestia.Allina@gmail.com,doctor
963,Neila,Hertzfeld,Neila.Hertzfeld@yopmail.com,Neila.Hertzfeld@gmail.com,worker
964,Kirstin,Decato,Kirstin.Decato@yopmail.com,Kirstin.Decato@gmail.com,worker
965,Phedra,Andrel,Phedra.Andrel@yopmail.com,Phedra.Andrel@gmail.com,police officer
966,Aeriela,Lail,Aeriela.Lail@yopmail.com,Aeriela.Lail@gmail.com,doctor
967,Rhoda,Bergman,Rhoda.Bergman@yopmail.com,Rhoda.Bergman@gmail.com,police officer
968,Zaria,Herrera,Zaria.Herrera@yopmail.com,Zaria.Herrera@gmail.com,worker
969,Madalyn,Autrey,Madalyn.Autrey@yopmail.com,Madalyn.Autrey@gmail.com,developer
970,Rosabelle,Valerio,Rosabelle.Valerio@yopmail.com,Rosabelle.Valerio@gmail.com,doctor
971,Basia,Holtz,Basia.Holtz@yopmail.com,Basia.Holtz@gmail.com,doctor
972,Kary,Cosenza,Kary.Cosenza@yopmail.com,Kary.Cosenza@gmail.com,developer
973,Shaine,Lissi,Shaine.Lissi@yopmail.com,Shaine.Lissi@gmail.com,worker
974,Sharai,Alejoa,Sharai.Alejoa@yopmail.com,Sharai.Alejoa@gmail.com,firefighter
975,Ursulina,Corilla,Ursulina.Corilla@yopmail.com,Ursulina.Corilla@gmail.com,police officer
976,Anestassia,Kathie,Anestassia.Kathie@yopmail.com,Anestassia.Kathie@gmail.com,doctor
977,Amara,Argus,Amara.Argus@yopmail.com,Amara.Argus@gmail.com,developer
978,Keelia,Bennie,Keelia.Bennie@yopmail.com,Keelia.Bennie@gmail.com,doctor
979,Nannie,Alice,Nannie.Alice@yopmail.com,Nannie.Alice@gmail.com,worker
980,Jessamyn,Moina,Jessamyn.Moina@yopmail.com,Jessamyn.Moina@gmail.com,developer
981,Atlanta,Diogenes,Atlanta.Diogenes@yopmail.com,Atlanta.Diogenes@gmail.com,worker
982,Quintina,Ajay,Quintina.Ajay@yopmail.com,Quintina.Ajay@gmail.com,worker
983,Marguerite,Hachmin,Marguerite.Hachmin@yopmail.com,Marguerite.Hachmin@gmail.com,worker
984,Candi,Rheingold,Candi.Rheingold@yopmail.com,Candi.Rheingold@gmail.com,doctor
985,Delilah,Saree,Delilah.Saree@yopmail.com,Delilah.Saree@gmail.com,doctor
986,Paola,Loring,Paola.Loring@yopmail.com,Paola.Loring@gmail.com,police officer
987,Kerrin,Artie,Kerrin.Artie@yopmail.com,Kerrin.Artie@gmail.com,worker
988,Kathy,Nahum,Kathy.Nahum@yopmail.com,Kathy.Nahum@gmail.com,firefighter
989,Goldie,Curren,Goldie.Curren@yopmail.com,Goldie.Curren@gmail.com,police officer
990,Lyssa,Norrie,Lyssa.Norrie@yopmail.com,Lyssa.Norrie@gmail.com,police officer
991,Dale,Vilma,Dale.Vilma@yopmail.com,Dale.Vilma@gmail.com,doctor
992,Kathy,Saunderson,Kathy.Saunderson@yopmail.com,Kathy.Saunderson@gmail.com,developer
993,Christy,Janith,Christy.Janith@yopmail.com,Christy.Janith@gmail.com,police officer
994,Gusty,Voletta,Gusty.Voletta@yopmail.com,Gusty.Voletta@gmail.com,firefighter
995,Marline,Buckler,Marline.Buckler@yopmail.com,Marline.Buckler@gmail.com,firefighter
996,Christal,Florina,Christal.Florina@yopmail.com,Christal.Florina@gmail.com,police officer
997,Gretal,Lilybelle,Gretal.Lilybelle@yopmail.com,Gretal.Lilybelle@gmail.com,worker
998,Jasmina,Carolin,Jasmina.Carolin@yopmail.com,Jasmina.Carolin@gmail.com,police officer
999,Antonietta,Ferino,Antonietta.Ferino@yopmail.com,Antonietta.Ferino@gmail.com,police officer
1000,Annecorinne,Sikorski,Annecorinne.Sikorski@yopmail.com,Annecorinne.Sikorski@gmail.com,developer
1001,Evaleen,Brian,Evaleen.Brian@yopmail.com,Evaleen.Brian@gmail.com,worker
1002,Nelle,Prouty,Nelle.Prouty@yopmail.com,Nelle.Prouty@gmail.com,doctor
1003,Deloria,Hubert,Deloria.Hubert@yopmail.com,Deloria.Hubert@gmail.com,developer
1004,Kathi,Geffner,Kathi.Geffner@yopmail.com,Kathi.Geffner@gmail.com,police officer
1005,Nessie,Hull,Nessie.Hull@yopmail.com,Nessie.Hull@gmail.com,doctor
1006,Nikki,Kannry,Nikki.Kannry@yopmail.com,Nikki.Kannry@gmail.com,police officer
1007,Andree,Radu,Andree.Radu@yopmail.com,Andree.Radu@gmail.com,worker
1008,Alisha,Rosalba,Alisha.Rosalba@yopmail.com,Alisha.Rosalba@gmail.com,doctor
1009,Sherrie,Stacy,Sherrie.Stacy@yopmail.com,Sherrie.Stacy@gmail.com,police officer
1010,Valera,Genna,Valera.Genna@yopmail.com,Valera.Genna@gmail.com,doctor
1011,Kassey,Grosz,Kassey.Grosz@yopmail.com,Kassey.Grosz@gmail.com,developer
1012,Edyth,Daegal,Edyth.Daegal@yopmail.com,Edyth.Daegal@gmail.com,firefighter
1013,Stacey,Jerold,Stacey.Jerold@yopmail.com,Stacey.Jerold@gmail.com,firefighter
1014,Codie,Morehouse,Codie.Morehouse@yopmail.com,Codie.Morehouse@gmail.com,developer
1015,Merrie,Thomasina,Merrie.Thomasina@yopmail.com,Merrie.Thomasina@gmail.com,doctor
1016,Fred,McGrody,Fred.McGrody@yopmail.com,Fred.McGrody@gmail.com,worker
1017,Ingrid,Peonir,Ingrid.Peonir@yopmail.com,Ingrid.Peonir@gmail.com,developer
1018,Lenna,Fosque,Lenna.Fosque@yopmail.com,Lenna.Fosque@gmail.com,police officer
1019,Ninnetta,Seagraves,Ninnetta.Seagraves@yopmail.com,Ninnetta.Seagraves@gmail.com,developer
1020,Lauryn,Bigner,Lauryn.Bigner@yopmail.com,Lauryn.Bigner@gmail.com,worker
1021,Grier,Corilla,Grier.Corilla@yopmail.com,Grier.Corilla@gmail.com,worker
1022,Mamie,Kathie,Mamie.Kathie@yopmail.com,Mamie.Kathie@gmail.com,doctor
1023,Sarette,Dahlia,Sarette.Dahlia@yopmail.com,Sarette.Dahlia@gmail.com,police officer
1024,Barbara,Berard,Barbara.Berard@yopmail.com,Barbara.Berard@gmail.com,developer
1025,Caritta,Wu,Caritta.Wu@yopmail.com,Caritta.Wu@gmail.com,doctor
1026,Lolita,Blisse,Lolita.Blisse@yopmail.com,Lolita.Blisse@gmail.com,firefighter
1027,Wynne,Devlen,Wynne.Devlen@yopmail.com,Wynne.Devlen@gmail.com,police officer
1028,Kaja,Vastah,Kaja.Vastah@yopmail.com,Kaja.Vastah@gmail.com,police officer
1029,Sherrie,Estella,Sherrie.Estella@yopmail.com,Sherrie.Estella@gmail.com,worker
1030,Tressa,Magnolia,Tressa.Magnolia@yopmail.com,Tressa.Magnolia@gmail.com,developer
1031,Madeleine,Gabrielli,Madeleine.Gabrielli@yopmail.com,Madeleine.Gabrielli@gmail.com,doctor
1032,Marnia,Eno,Marnia.Eno@yopmail.com,Marnia.Eno@gmail.com,developer
1033,Adore,Terrence,Adore.Terrence@yopmail.com,Adore.Terrence@gmail.com,developer
1034,Katleen,Myrilla,Katleen.Myrilla@yopmail.com,Katleen.Myrilla@gmail.com,developer
1035,Randa,Abram,Randa.Abram@yopmail.com,Randa.Abram@gmail.com,police officer
1036,Carree,Helve,Carree.Helve@yopmail.com,Carree.Helve@gmail.com,doctor
1037,Morganica,Hertzfeld,Morganica.Hertzfeld@yopmail.com,Morganica.Hertzfeld@gmail.com,firefighter
1038,Elsie,Raul,Elsie.Raul@yopmail.com,Elsie.Raul@gmail.com,worker
1039,Caryl,Garek,Caryl.Garek@yopmail.com,Caryl.Garek@gmail.com,doctor
1040,Roslyn,Naashom,Roslyn.Naashom@yopmail.com,Roslyn.Naashom@gmail.com,police officer
1041,Gwyneth,Tamsky,Gwyneth.Tamsky@yopmail.com,Gwyneth.Tamsky@gmail.com,worker
1042,Sharai,Pettiford,Sharai.Pettiford@yopmail.com,Sharai.Pettiford@gmail.com,worker
1043,Clementine,Caitlin,Clementine.Caitlin@yopmail.com,Clementine.Caitlin@gmail.com,firefighter
1044,Tressa,Obed,Tressa.Obed@yopmail.com,Tressa.Obed@gmail.com,doctor
1045,Esmeralda,Valerio,Esmeralda.Valerio@yopmail.com,Esmeralda.Valerio@gmail.com,firefighter
1046,Barbi,Oster,Barbi.Oster@yopmail.com,Barbi.Oster@gmail.com,doctor
1047,Lelah,Vittoria,Lelah.Vittoria@yopmail.com,Lelah.Vittoria@gmail.com,doctor
1048,Nananne,Nedrud,Nananne.Nedrud@yopmail.com,Nananne.Nedrud@gmail.com,police officer
1049,Wendi,Elbertina,Wendi.Elbertina@yopmail.com,Wendi.Elbertina@gmail.com,worker
1050,Ottilie,Reinke,Ottilie.Reinke@yopmail.com,Ottilie.Reinke@gmail.com,worker
1051,Rosabelle,Zamora,Rosabelle.Zamora@yopmail.com,Rosabelle.Zamora@gmail.com,developer
1052,Ninnetta,Solitta,Ninnetta.Solitta@yopmail.com,Ninnetta.Solitta@gmail.com,doctor
1053,Augustine,Daniele,Augustine.Daniele@yopmail.com,Augustine.Daniele@gmail.com,developer
1054,Lory,Maiah,Lory.Maiah@yopmail.com,Lory.Maiah@gmail.com,worker
1055,Gilligan,Mallon,Gilligan.Mallon@yopmail.com,Gilligan.Mallon@gmail.com,worker
1056,Ilse,Fax,Ilse.Fax@yopmail.com,Ilse.Fax@gmail.com,doctor
1057,Meghann,Janene,Meghann.Janene@yopmail.com,Meghann.Janene@gmail.com,firefighter
1058,Zondra,Standing,Zondra.Standing@yopmail.com,Zondra.Standing@gmail.com,worker
1059,Mathilda,Ursulette,Mathilda.Ursulette@yopmail.com,Mathilda.Ursulette@gmail.com,developer
1060,Jacquetta,Swanhildas,Jacquetta.Swanhildas@yopmail.com,Jacquetta.Swanhildas@gmail.com,worker
1061,Raf,Fabiola,Raf.Fabiola@yopmail.com,Raf.Fabiola@gmail.com,police officer
1062,Darlleen,Fosque,Darlleen.Fosque@yopmail.com,Darlleen.Fosque@gmail.com,police officer
1063,Drucie,Rogerio,Drucie.Rogerio@yopmail.com,Drucie.Rogerio@gmail.com,police officer
1064,Gerianna,Redmond,Gerianna.Redmond@yopmail.com,Gerianna.Redmond@gmail.com,developer
1065,Caressa,Bates,Caressa.Bates@yopmail.com,Caressa.Bates@gmail.com,police officer
1066,Binny,Ivens,Binny.Ivens@yopmail.com,Binny.Ivens@gmail.com,police officer
1067,Edith,Malina,Edith.Malina@yopmail.com,Edith.Malina@gmail.com,police officer
1068,Collen,Afton,Collen.Afton@yopmail.com,Collen.Afton@gmail.com,worker
1069,Valli,Noam,Valli.Noam@yopmail.com,Valli.Noam@gmail.com,firefighter
1070,Averyl,Casimir,Averyl.Casimir@yopmail.com,Averyl.Casimir@gmail.com,worker
1071,Joelly,Riordan,Joelly.Riordan@yopmail.com,Joelly.Riordan@gmail.com,firefighter
1072,Clary,Ax,Clary.Ax@yopmail.com,Clary.Ax@gmail.com,developer
1073,Rosaline,Valerio,Rosaline.Valerio@yopmail.com,Rosaline.Valerio@gmail.com,worker
1074,Mady,Sikorski,Mady.Sikorski@yopmail.com,Mady.Sikorski@gmail.com,police officer
1075,Patricia,Travax,Patricia.Travax@yopmail.com,Patricia.Travax@gmail.com,doctor
1076,Corry,Dichy,Corry.Dichy@yopmail.com,Corry.Dichy@gmail.com,police officer
1077,Tori,Ball,Tori.Ball@yopmail.com,Tori.Ball@gmail.com,developer
1078,Karly,Lemuela,Karly.Lemuela@yopmail.com,Karly.Lemuela@gmail.com,developer
1079,Natka,Koziara,Natka.Koziara@yopmail.com,Natka.Koziara@gmail.com,doctor
1080,Madelle,Wiener,Madelle.Wiener@yopmail.com,Madelle.Wiener@gmail.com,developer
1081,Jerry,Miru,Jerry.Miru@yopmail.com,Jerry.Miru@gmail.com,police officer
1082,Marleah,Nikaniki,Marleah.Nikaniki@yopmail.com,Marleah.Nikaniki@gmail.com,developer
1083,Jennica,Lumbard,Jennica.Lumbard@yopmail.com,Jennica.Lumbard@gmail.com,doctor
1084,Viki,Japeth,Viki.Japeth@yopmail.com,Viki.Japeth@gmail.com,developer
1085,Elvira,Zola,Elvira.Zola@yopmail.com,Elvira.Zola@gmail.com,worker
1086,Arabel,Saunderson,Arabel.Saunderson@yopmail.com,Arabel.Saunderson@gmail.com,doctor
1087,Cristine,Cookie,Cristine.Cookie@yopmail.com,Cristine.Cookie@gmail.com,worker
1088,Kore,Dunkin,Kore.Dunkin@yopmail.com,Kore.Dunkin@gmail.com,developer
1089,Danika,Daniele,Danika.Daniele@yopmail.com,Danika.Daniele@gmail.com,firefighter
1090,Michaelina,Kannry,Michaelina.Kannry@yopmail.com,Michaelina.Kannry@gmail.com,doctor
1091,Ana,Fennessy,Ana.Fennessy@yopmail.com,Ana.Fennessy@gmail.com,doctor
1092,Delilah,Yam,Delilah.Yam@yopmail.com,Delilah.Yam@gmail.com,police officer
1093,Louella,Amadas,Louella.Amadas@yopmail.com,Louella.Amadas@gmail.com,developer
1094,Annora,Raimondo,Annora.Raimondo@yopmail.com,Annora.Raimondo@gmail.com,firefighter
1095,Jerry,Ahab,Jerry.Ahab@yopmail.com,Jerry.Ahab@gmail.com,police officer
1096,Nikki,Capello,Nikki.Capello@yopmail.com,Nikki.Capello@gmail.com,developer
1097,Fernande,Meli,Fernande.Meli@yopmail.com,Fernande.Meli@gmail.com,worker
1098,Rani,Sharl,Rani.Sharl@yopmail.com,Rani.Sharl@gmail.com,developer
1099,Gusty,Liva,Gusty.Liva@yopmail.com,Gusty.Liva@gmail.com,developer